city,country,lat,lon,year,month,t2m,precip
Tandil,AR,-37.32,-59.13,1981,1,20.47,4.91
Tandil,AR,-37.32,-59.13,1981,2,20.46,3.19
Tandil,AR,-37.32,-59.13,1981,3,17.25,2.19
Tandil,AR,-37.32,-59.13,1981,4,14.29,2.09
Tandil,AR,-37.32,-59.13,1981,5,12.8,4.93
Tandil,AR,-37.32,-59.13,1981,6,5.89,1.08
Tandil,AR,-37.32,-59.13,1981,7,6.95,0.24
Tandil,AR,-37.32,-59.13,1981,8,8.72,0.57
Tandil,AR,-37.32,-59.13,1981,9,9.96,0.67
Tandil,AR,-37.32,-59.13,1981,10,13.38,2.46
Tandil,AR,-37.32,-59.13,1981,11,17.28,1.49
Tandil,AR,-37.32,-59.13,1981,12,20.2,3.74
Tandil,AR,-37.32,-59.13,1981,13,13.94,2.3
Tandil,AR,-37.32,-59.13,1982,1,21.53,4.53
Tandil,AR,-37.32,-59.13,1982,2,19.61,1.79
Tandil,AR,-37.32,-59.13,1982,3,19.5,3.46
Tandil,AR,-37.32,-59.13,1982,4,15.47,2.78
Tandil,AR,-37.32,-59.13,1982,5,11.3,2.56
Tandil,AR,-37.32,-59.13,1982,6,5.61,1.55
Tandil,AR,-37.32,-59.13,1982,7,5.81,1.68
Tandil,AR,-37.32,-59.13,1982,8,8.12,0.5
Tandil,AR,-37.32,-59.13,1982,9,10.84,3.17
Tandil,AR,-37.32,-59.13,1982,10,13.04,3.81
Tandil,AR,-37.32,-59.13,1982,11,15.41,2.15
Tandil,AR,-37.32,-59.13,1982,12,20.41,4.87
Tandil,AR,-37.32,-59.13,1982,13,13.86,2.75
Tandil,AR,-37.32,-59.13,1983,1,21.9,5.84
Tandil,AR,-37.32,-59.13,1983,2,19.62,2.91
Tandil,AR,-37.32,-59.13,1983,3,17.17,3.99
Tandil,AR,-37.32,-59.13,1983,4,13.23,2.46
Tandil,AR,-37.32,-59.13,1983,5,9.93,4.11
Tandil,AR,-37.32,-59.13,1983,6,5.02,0.31
Tandil,AR,-37.32,-59.13,1983,7,4.98,0.29
Tandil,AR,-37.32,-59.13,1983,8,7.65,4.05
Tandil,AR,-37.32,-59.13,1983,9,9.76,1.58
Tandil,AR,-37.32,-59.13,1983,10,13.65,4.27
Tandil,AR,-37.32,-59.13,1983,11,17.18,1.39
Tandil,AR,-37.32,-59.13,1983,12,20.06,4.21
Tandil,AR,-37.32,-59.13,1983,13,13.32,2.97
Tandil,AR,-37.32,-59.13,1984,1,21.84,2.43
Tandil,AR,-37.32,-59.13,1984,2,20.75,5.57
Tandil,AR,-37.32,-59.13,1984,3,17.16,2.4
Tandil,AR,-37.32,-59.13,1984,4,13.29,3.1
Tandil,AR,-37.32,-59.13,1984,5,8.98,3.35
Tandil,AR,-37.32,-59.13,1984,6,4.7,1.3
Tandil,AR,-37.32,-59.13,1984,7,5.36,2.62
Tandil,AR,-37.32,-59.13,1984,8,6.36,1.49
Tandil,AR,-37.32,-59.13,1984,9,10.62,2.75
Tandil,AR,-37.32,-59.13,1984,10,14.52,3.72
Tandil,AR,-37.32,-59.13,1984,11,15.83,3.97
Tandil,AR,-37.32,-59.13,1984,12,16.48,1.79
Tandil,AR,-37.32,-59.13,1984,13,12.97,2.86
Tandil,AR,-37.32,-59.13,1985,1,20.43,5.12
Tandil,AR,-37.32,-59.13,1985,2,20.86,0.92
Tandil,AR,-37.32,-59.13,1985,3,18.03,1.66
Tandil,AR,-37.32,-59.13,1985,4,13.45,3.56
Tandil,AR,-37.32,-59.13,1985,5,10.12,0.72
Tandil,AR,-37.32,-59.13,1985,6,9.04,0.63
Tandil,AR,-37.32,-59.13,1985,7,8.1,1.93
Tandil,AR,-37.32,-59.13,1985,8,8.16,0.38
Tandil,AR,-37.32,-59.13,1985,9,10.77,2.5
Tandil,AR,-37.32,-59.13,1985,10,13.39,2.94
Tandil,AR,-37.32,-59.13,1985,11,17.13,5.75
Tandil,AR,-37.32,-59.13,1985,12,19.46,3.07
Tandil,AR,-37.32,-59.13,1985,13,14.04,2.44
Tandil,AR,-37.32,-59.13,1986,1,21.76,3.19
Tandil,AR,-37.32,-59.13,1986,2,20.46,1.75
Tandil,AR,-37.32,-59.13,1986,3,16.23,2.5
Tandil,AR,-37.32,-59.13,1986,4,13.68,3.79
Tandil,AR,-37.32,-59.13,1986,5,9.38,0.83
Tandil,AR,-37.32,-59.13,1986,6,8.1,0.71
Tandil,AR,-37.32,-59.13,1986,7,7.54,0.31
Tandil,AR,-37.32,-59.13,1986,8,7.52,1.73
Tandil,AR,-37.32,-59.13,1986,9,11.42,2.74
Tandil,AR,-37.32,-59.13,1986,10,13.39,2.97
Tandil,AR,-37.32,-59.13,1986,11,15.96,5.2
Tandil,AR,-37.32,-59.13,1986,12,20.06,0.99
Tandil,AR,-37.32,-59.13,1986,13,13.75,2.22
Tandil,AR,-37.32,-59.13,1987,1,22.18,3.06
Tandil,AR,-37.32,-59.13,1987,2,22.74,2.56
Tandil,AR,-37.32,-59.13,1987,3,17.38,6.68
Tandil,AR,-37.32,-59.13,1987,4,14.37,1.27
Tandil,AR,-37.32,-59.13,1987,5,8.19,1.4
Tandil,AR,-37.32,-59.13,1987,6,7.44,1.25
Tandil,AR,-37.32,-59.13,1987,7,8.1,3.64
Tandil,AR,-37.32,-59.13,1987,8,7.27,1.58
Tandil,AR,-37.32,-59.13,1987,9,8.73,1.77
Tandil,AR,-37.32,-59.13,1987,10,13.04,3.16
Tandil,AR,-37.32,-59.13,1987,11,16.71,3.62
Tandil,AR,-37.32,-59.13,1987,12,17.75,4.02
Tandil,AR,-37.32,-59.13,1987,13,13.6,2.85
Tandil,AR,-37.32,-59.13,1988,1,21.04,3.57
Tandil,AR,-37.32,-59.13,1988,2,20.07,2.61
Tandil,AR,-37.32,-59.13,1988,3,19.05,4.86
Tandil,AR,-37.32,-59.13,1988,4,12.15,1.35
Tandil,AR,-37.32,-59.13,1988,5,8.44,0.72
Tandil,AR,-37.32,-59.13,1988,6,6.73,0.22
Tandil,AR,-37.32,-59.13,1988,7,5.31,0.4
Tandil,AR,-37.32,-59.13,1988,8,8.03,2.62
Tandil,AR,-37.32,-59.13,1988,9,9.7,2.84
Tandil,AR,-37.32,-59.13,1988,10,11.71,2.68
Tandil,AR,-37.32,-59.13,1988,11,17.66,2.31
Tandil,AR,-37.32,-59.13,1988,12,20.9,2.68
Tandil,AR,-37.32,-59.13,1988,13,13.38,2.24
Tandil,AR,-37.32,-59.13,1989,1,23.7,2.23
Tandil,AR,-37.32,-59.13,1989,2,21.49,3.6
Tandil,AR,-37.32,-59.13,1989,3,17.91,2.38
Tandil,AR,-37.32,-59.13,1989,4,15.0,0.42
Tandil,AR,-37.32,-59.13,1989,5,10.67,3.42
Tandil,AR,-37.32,-59.13,1989,6,8.11,2.48
Tandil,AR,-37.32,-59.13,1989,7,6.52,1.75
Tandil,AR,-37.32,-59.13,1989,8,9.46,2.48
Tandil,AR,-37.32,-59.13,1989,9,8.86,2.77
Tandil,AR,-37.32,-59.13,1989,10,12.93,1.87
Tandil,AR,-37.32,-59.13,1989,11,17.18,1.79
Tandil,AR,-37.32,-59.13,1989,12,21.8,5.24
Tandil,AR,-37.32,-59.13,1989,13,14.44,2.53
Tandil,AR,-37.32,-59.13,1990,1,20.99,7.02
Tandil,AR,-37.32,-59.13,1990,2,20.0,2.34
Tandil,AR,-37.32,-59.13,1990,3,16.84,4.79
Tandil,AR,-37.32,-59.13,1990,4,12.78,1.49
Tandil,AR,-37.32,-59.13,1990,5,9.29,4.91
Tandil,AR,-37.32,-59.13,1990,6,6.08,0.06
Tandil,AR,-37.32,-59.13,1990,7,6.37,1.34
Tandil,AR,-37.32,-59.13,1990,8,9.66,0.56
Tandil,AR,-37.32,-59.13,1990,9,9.25,1.23
Tandil,AR,-37.32,-59.13,1990,10,15.29,5.16
Tandil,AR,-37.32,-59.13,1990,11,17.3,4.54
Tandil,AR,-37.32,-59.13,1990,12,19.1,3.61
Tandil,AR,-37.32,-59.13,1990,13,13.55,3.11
Tandil,AR,-37.32,-59.13,1991,1,22.09,3.09
Tandil,AR,-37.32,-59.13,1991,2,19.39,4.7
Tandil,AR,-37.32,-59.13,1991,3,18.24,2.92
Tandil,AR,-37.32,-59.13,1991,4,14.55,2.12
Tandil,AR,-37.32,-59.13,1991,5,11.73,1.53
Tandil,AR,-37.32,-59.13,1991,6,6.49,5.29
Tandil,AR,-37.32,-59.13,1991,7,5.77,0.68
Tandil,AR,-37.32,-59.13,1991,8,8.93,0.86
Tandil,AR,-37.32,-59.13,1991,9,11.22,3.26
Tandil,AR,-37.32,-59.13,1991,10,11.85,3.88
Tandil,AR,-37.32,-59.13,1991,11,16.31,2.65
Tandil,AR,-37.32,-59.13,1991,12,19.07,3.55
Tandil,AR,-37.32,-59.13,1991,13,13.78,2.86
Tandil,AR,-37.32,-59.13,1992,1,20.81,4.7
Tandil,AR,-37.32,-59.13,1992,2,20.6,6.2
Tandil,AR,-37.32,-59.13,1992,3,19.03,5.57
Tandil,AR,-37.32,-59.13,1992,4,13.15,1.43
Tandil,AR,-37.32,-59.13,1992,5,9.38,2.67
Tandil,AR,-37.32,-59.13,1992,6,7.96,1.98
Tandil,AR,-37.32,-59.13,1992,7,4.49,1.67
Tandil,AR,-37.32,-59.13,1992,8,7.91,2.53
Tandil,AR,-37.32,-59.13,1992,9,9.97,1.54
Tandil,AR,-37.32,-59.13,1992,10,13.06,3.56
Tandil,AR,-37.32,-59.13,1992,11,13.94,2.71
Tandil,AR,-37.32,-59.13,1992,12,19.1,2.16
Tandil,AR,-37.32,-59.13,1992,13,13.27,3.06
Tandil,AR,-37.32,-59.13,1993,1,21.64,3.59
Tandil,AR,-37.32,-59.13,1993,2,20.74,2.14
Tandil,AR,-37.32,-59.13,1993,3,19.82,2.61
Tandil,AR,-37.32,-59.13,1993,4,13.8,7.72
Tandil,AR,-37.32,-59.13,1993,5,9.28,6.01
Tandil,AR,-37.32,-59.13,1993,6,7.32,3.63
Tandil,AR,-37.32,-59.13,1993,7,4.69,0.25
Tandil,AR,-37.32,-59.13,1993,8,7.55,0.13
Tandil,AR,-37.32,-59.13,1993,9,9.11,1.33
Tandil,AR,-37.32,-59.13,1993,10,13.19,2.16
Tandil,AR,-37.32,-59.13,1993,11,15.06,4.9
Tandil,AR,-37.32,-59.13,1993,12,18.86,2.3
Tandil,AR,-37.32,-59.13,1993,13,13.38,3.06
Tandil,AR,-37.32,-59.13,1994,1,20.56,5.49
Tandil,AR,-37.32,-59.13,1994,2,19.65,2.87
Tandil,AR,-37.32,-59.13,1994,3,18.4,3.9
Tandil,AR,-37.32,-59.13,1994,4,13.55,1.6
Tandil,AR,-37.32,-59.13,1994,5,11.14,2.56
Tandil,AR,-37.32,-59.13,1994,6,7.57,1.44
Tandil,AR,-37.32,-59.13,1994,7,5.76,2.34
Tandil,AR,-37.32,-59.13,1994,8,7.42,1.03
Tandil,AR,-37.32,-59.13,1994,9,10.21,1.35
Tandil,AR,-37.32,-59.13,1994,10,12.16,3.36
Tandil,AR,-37.32,-59.13,1994,11,17.67,2.21
Tandil,AR,-37.32,-59.13,1994,12,21.23,4.85
Tandil,AR,-37.32,-59.13,1994,13,13.75,2.76
Tandil,AR,-37.32,-59.13,1995,1,20.32,2.24
Tandil,AR,-37.32,-59.13,1995,2,19.16,2.83
Tandil,AR,-37.32,-59.13,1995,3,16.93,2.32
Tandil,AR,-37.32,-59.13,1995,4,13.54,3.55
Tandil,AR,-37.32,-59.13,1995,5,10.28,0.18
Tandil,AR,-37.32,-59.13,1995,6,6.1,0.21
Tandil,AR,-37.32,-59.13,1995,7,5.16,0.06
Tandil,AR,-37.32,-59.13,1995,8,6.91,0.69
Tandil,AR,-37.32,-59.13,1995,9,10.68,0.29
Tandil,AR,-37.32,-59.13,1995,10,12.81,2.29
Tandil,AR,-37.32,-59.13,1995,11,17.42,5.54
Tandil,AR,-37.32,-59.13,1995,12,21.18,1.89
Tandil,AR,-37.32,-59.13,1995,13,13.34,1.83
Tandil,AR,-37.32,-59.13,1996,1,21.23,3.09
Tandil,AR,-37.32,-59.13,1996,2,19.23,4.13
Tandil,AR,-37.32,-59.13,1996,3,18.73,2.89
Tandil,AR,-37.32,-59.13,1996,4,13.46,4.07
Tandil,AR,-37.32,-59.13,1996,5,10.56,1.43
Tandil,AR,-37.32,-59.13,1996,6,5.6,1.39
Tandil,AR,-37.32,-59.13,1996,7,5.26,0.92
Tandil,AR,-37.32,-59.13,1996,8,9.61,1.93
Tandil,AR,-37.32,-59.13,1996,9,9.6,0.98
Tandil,AR,-37.32,-59.13,1996,10,14.21,2.84
Tandil,AR,-37.32,-59.13,1996,11,17.59,3.36
Tandil,AR,-37.32,-59.13,1996,12,19.52,4.71
Tandil,AR,-37.32,-59.13,1996,13,13.71,2.64
Tandil,AR,-37.32,-59.13,1997,1,23.64,3.27
Tandil,AR,-37.32,-59.13,1997,2,18.37,5.81
Tandil,AR,-37.32,-59.13,1997,3,17.94,1.17
Tandil,AR,-37.32,-59.13,1997,4,14.95,2.57
Tandil,AR,-37.32,-59.13,1997,5,12.3,1.39
Tandil,AR,-37.32,-59.13,1997,6,8.17,3.25
Tandil,AR,-37.32,-59.13,1997,7,7.97,1.5
Tandil,AR,-37.32,-59.13,1997,8,8.36,2.1
Tandil,AR,-37.32,-59.13,1997,9,9.12,1.24
Tandil,AR,-37.32,-59.13,1997,10,12.87,5.97
Tandil,AR,-37.32,-59.13,1997,11,15.16,3.56
Tandil,AR,-37.32,-59.13,1997,12,17.49,2.55
Tandil,AR,-37.32,-59.13,1997,13,13.85,2.84
Tandil,AR,-37.32,-59.13,1998,1,20.28,4.16
Tandil,AR,-37.32,-59.13,1998,2,18.5,2.29
Tandil,AR,-37.32,-59.13,1998,3,17.53,1.29
Tandil,AR,-37.32,-59.13,1998,4,14.11,6.64
Tandil,AR,-37.32,-59.13,1998,5,10.63,0.91
Tandil,AR,-37.32,-59.13,1998,6,7.61,0.42
Tandil,AR,-37.32,-59.13,1998,7,8.69,0.51
Tandil,AR,-37.32,-59.13,1998,8,8.27,0.43
Tandil,AR,-37.32,-59.13,1998,9,9.62,4.7
Tandil,AR,-37.32,-59.13,1998,10,14.78,0.76
Tandil,AR,-37.32,-59.13,1998,11,17.46,1.8
Tandil,AR,-37.32,-59.13,1998,12,20.19,1.39
Tandil,AR,-37.32,-59.13,1998,13,13.95,2.09
Tandil,AR,-37.32,-59.13,1999,1,20.49,2.66
Tandil,AR,-37.32,-59.13,1999,2,20.87,1.66
Tandil,AR,-37.32,-59.13,1999,3,18.15,5.26
Tandil,AR,-37.32,-59.13,1999,4,12.38,1.12
Tandil,AR,-37.32,-59.13,1999,5,9.59,1.78
Tandil,AR,-37.32,-59.13,1999,6,6.08,0.51
Tandil,AR,-37.32,-59.13,1999,7,5.86,2.73
Tandil,AR,-37.32,-59.13,1999,8,8.36,1.51
Tandil,AR,-37.32,-59.13,1999,9,10.74,2.03
Tandil,AR,-37.32,-59.13,1999,10,13.42,2.18
Tandil,AR,-37.32,-59.13,1999,11,16.94,2.04
Tandil,AR,-37.32,-59.13,1999,12,20.16,2.95
Tandil,AR,-37.32,-59.13,1999,13,13.55,2.22
Tandil,AR,-37.32,-59.13,2000,1,22.98,2.85
Tandil,AR,-37.32,-59.13,2000,2,20.65,6.14
Tandil,AR,-37.32,-59.13,2000,3,16.78,3.7
Tandil,AR,-37.32,-59.13,2000,4,13.57,2.28
Tandil,AR,-37.32,-59.13,2000,5,9.68,1.51
Tandil,AR,-37.32,-59.13,2000,6,8.04,1.22
Tandil,AR,-37.32,-59.13,2000,7,4.43,0.64
Tandil,AR,-37.32,-59.13,2000,8,6.26,1.96
Tandil,AR,-37.32,-59.13,2000,9,9.12,2.67
Tandil,AR,-37.32,-59.13,2000,10,11.97,6.37
Tandil,AR,-37.32,-59.13,2000,11,14.58,0.93
Tandil,AR,-37.32,-59.13,2000,12,18.44,2.77
Tandil,AR,-37.32,-59.13,2000,13,13.02,2.75
Tandil,AR,-37.32,-59.13,2001,1,21.87,5.26
Tandil,AR,-37.32,-59.13,2001,2,22.52,3.74
Tandil,AR,-37.32,-59.13,2001,3,17.75,3.6
Tandil,AR,-37.32,-59.13,2001,4,12.91,3.16
Tandil,AR,-37.32,-59.13,2001,5,9.45,2.21
Tandil,AR,-37.32,-59.13,2001,6,7.2,3.81
Tandil,AR,-37.32,-59.13,2001,7,5.55,0.82
Tandil,AR,-37.32,-59.13,2001,8,9.66,4.42
Tandil,AR,-37.32,-59.13,2001,9,9.62,2.53
Tandil,AR,-37.32,-59.13,2001,10,13.98,3.93
Tandil,AR,-37.32,-59.13,2001,11,15.26,5.54
Tandil,AR,-37.32,-59.13,2001,12,18.56,4.24
Tandil,AR,-37.32,-59.13,2001,13,13.65,3.6
Tandil,AR,-37.32,-59.13,2002,1,20.73,2.04
Tandil,AR,-37.32,-59.13,2002,2,19.56,4.26
Tandil,AR,-37.32,-59.13,2002,3,16.44,6.49
Tandil,AR,-37.32,-59.13,2002,4,12.5,5.08
Tandil,AR,-37.32,-59.13,2002,5,10.49,4.37
Tandil,AR,-37.32,-59.13,2002,6,4.76,0.32
Tandil,AR,-37.32,-59.13,2002,7,5.71,1.67
Tandil,AR,-37.32,-59.13,2002,8,8.67,3.94
Tandil,AR,-37.32,-59.13,2002,9,9.55,2.14
Tandil,AR,-37.32,-59.13,2002,10,13.76,5.61
Tandil,AR,-37.32,-59.13,2002,11,16.11,5.31
Tandil,AR,-37.32,-59.13,2002,12,18.46,2.04
Tandil,AR,-37.32,-59.13,2002,13,13.03,3.6
Tandil,AR,-37.32,-59.13,2003,1,21.34,2.16
Tandil,AR,-37.32,-59.13,2003,2,20.38,3.56
Tandil,AR,-37.32,-59.13,2003,3,18.3,2.35
Tandil,AR,-37.32,-59.13,2003,4,12.6,3.28
Tandil,AR,-37.32,-59.13,2003,5,9.94,1.89
Tandil,AR,-37.32,-59.13,2003,6,7.68,0.48
Tandil,AR,-37.32,-59.13,2003,7,5.3,2.42
Tandil,AR,-37.32,-59.13,2003,8,6.77,0.73
Tandil,AR,-37.32,-59.13,2003,9,9.76,1.65
Tandil,AR,-37.32,-59.13,2003,10,14.06,3.51
Tandil,AR,-37.32,-59.13,2003,11,15.86,4.05
Tandil,AR,-37.32,-59.13,2003,12,18.02,3.33
Tandil,AR,-37.32,-59.13,2003,13,13.3,2.44
Tandil,AR,-37.32,-59.13,2004,1,22.49,2.41
Tandil,AR,-37.32,-59.13,2004,2,19.32,2.21
Tandil,AR,-37.32,-59.13,2004,3,20.21,1.51
Tandil,AR,-37.32,-59.13,2004,4,14.51,4.59
Tandil,AR,-37.32,-59.13,2004,5,8.07,0.21
Tandil,AR,-37.32,-59.13,2004,6,8.01,0.9
Tandil,AR,-37.32,-59.13,2004,7,6.6,2.79
Tandil,AR,-37.32,-59.13,2004,8,7.94,2.55
Tandil,AR,-37.32,-59.13,2004,9,10.18,1.22
Tandil,AR,-37.32,-59.13,2004,10,12.81,2.07
Tandil,AR,-37.32,-59.13,2004,11,15.86,2.48
Tandil,AR,-37.32,-59.13,2004,12,19.92,2.77
Tandil,AR,-37.32,-59.13,2004,13,13.82,2.14
Tandil,AR,-37.32,-59.13,2005,1,21.57,1.99
Tandil,AR,-37.32,-59.13,2005,2,20.87,6.04
Tandil,AR,-37.32,-59.13,2005,3,17.3,3.05
Tandil,AR,-37.32,-59.13,2005,4,12.66,0.15
Tandil,AR,-37.32,-59.13,2005,5,9.79,0.42
Tandil,AR,-37.32,-59.13,2005,6,7.93,0.94
Tandil,AR,-37.32,-59.13,2005,7,6.93,1.26
Tandil,AR,-37.32,-59.13,2005,8,7.59,2.57
Tandil,AR,-37.32,-59.13,2005,9,9.77,1.31
Tandil,AR,-37.32,-59.13,2005,10,12.55,1.64
Tandil,AR,-37.32,-59.13,2005,11,17.76,2.81
Tandil,AR,-37.32,-59.13,2005,12,18.05,1.74
Tandil,AR,-37.32,-59.13,2005,13,13.52,1.97
Tandil,AR,-37.32,-59.13,2006,1,19.88,5.46
Tandil,AR,-37.32,-59.13,2006,2,19.8,4.22
Tandil,AR,-37.32,-59.13,2006,3,16.86,0.64
Tandil,AR,-37.32,-59.13,2006,4,14.23,2.18
Tandil,AR,-37.32,-59.13,2006,5,9.02,0.07
Tandil,AR,-37.32,-59.13,2006,6,7.28,0.93
Tandil,AR,-37.32,-59.13,2006,7,8.2,1.76
Tandil,AR,-37.32,-59.13,2006,8,7.32,0.08
Tandil,AR,-37.32,-59.13,2006,9,10.3,1.38
Tandil,AR,-37.32,-59.13,2006,10,14.27,4.52
Tandil,AR,-37.32,-59.13,2006,11,17.33,0.46
Tandil,AR,-37.32,-59.13,2006,12,21.45,3.16
Tandil,AR,-37.32,-59.13,2006,13,13.8,2.06
Tandil,AR,-37.32,-59.13,2007,1,21.68,1.74
Tandil,AR,-37.32,-59.13,2007,2,20.97,3.33
Tandil,AR,-37.32,-59.13,2007,3,17.55,3.29
Tandil,AR,-37.32,-59.13,2007,4,13.94,3.39
Tandil,AR,-37.32,-59.13,2007,5,7.91,1.26
Tandil,AR,-37.32,-59.13,2007,6,4.92,0.35
Tandil,AR,-37.32,-59.13,2007,7,3.51,0.44
Tandil,AR,-37.32,-59.13,2007,8,5.32,0.3
Tandil,AR,-37.32,-59.13,2007,9,11.44,4.43
Tandil,AR,-37.32,-59.13,2007,10,14.59,3.08
Tandil,AR,-37.32,-59.13,2007,11,15.41,0.86
Tandil,AR,-37.32,-59.13,2007,12,20.18,1.0
Tandil,AR,-37.32,-59.13,2007,13,13.07,1.94
Tandil,AR,-37.32,-59.13,2008,1,22.1,2.14
Tandil,AR,-37.32,-59.13,2008,2,21.39,2.95
Tandil,AR,-37.32,-59.13,2008,3,17.2,4.03
Tandil,AR,-37.32,-59.13,2008,4,13.68,0.31
Tandil,AR,-37.32,-59.13,2008,5,10.1,0.53
Tandil,AR,-37.32,-59.13,2008,6,6.5,0.74
Tandil,AR,-37.32,-59.13,2008,7,8.0,1.65
Tandil,AR,-37.32,-59.13,2008,8,6.92,1.36
Tandil,AR,-37.32,-59.13,2008,9,10.41,0.85
Tandil,AR,-37.32,-59.13,2008,10,13.46,1.99
Tandil,AR,-37.32,-59.13,2008,11,19.87,1.59
Tandil,AR,-37.32,-59.13,2008,12,21.28,1.22
Tandil,AR,-37.32,-59.13,2008,13,14.22,1.61
Tandil,AR,-37.32,-59.13,2009,1,22.74,1.15
Tandil,AR,-37.32,-59.13,2009,2,22.21,1.4
Tandil,AR,-37.32,-59.13,2009,3,19.87,2.39
Tandil,AR,-37.32,-59.13,2009,4,14.36,1.63
Tandil,AR,-37.32,-59.13,2009,5,10.64,2.05
Tandil,AR,-37.32,-59.13,2009,6,6.09,1.38
Tandil,AR,-37.32,-59.13,2009,7,5.05,1.36
Tandil,AR,-37.32,-59.13,2009,8,9.77,0.28
Tandil,AR,-37.32,-59.13,2009,9,8.63,2.04
Tandil,AR,-37.32,-59.13,2009,10,13.31,1.15
Tandil,AR,-37.32,-59.13,2009,11,17.08,3.67
Tandil,AR,-37.32,-59.13,2009,12,19.2,3.57
Tandil,AR,-37.32,-59.13,2009,13,14.04,1.84
Tandil,AR,-37.32,-59.13,2010,1,23.15,1.83
Tandil,AR,-37.32,-59.13,2010,2,19.58,4.88
Tandil,AR,-37.32,-59.13,2010,3,17.86,4.4
Tandil,AR,-37.32,-59.13,2010,4,12.22,1.18
Tandil,AR,-37.32,-59.13,2010,5,10.78,1.7
Tandil,AR,-37.32,-59.13,2010,6,6.9,1.65
Tandil,AR,-37.32,-59.13,2010,7,5.39,2.45
Tandil,AR,-37.32,-59.13,2010,8,6.57,0.82
Tandil,AR,-37.32,-59.13,2010,9,9.67,3.17
Tandil,AR,-37.32,-59.13,2010,10,12.78,2.16
Tandil,AR,-37.32,-59.13,2010,11,15.5,4.21
Tandil,AR,-37.32,-59.13,2010,12,21.25,1.46
Tandil,AR,-37.32,-59.13,2010,13,13.45,2.47
Tandil,AR,-37.32,-59.13,2011,1,21.84,6.4
Tandil,AR,-37.32,-59.13,2011,2,19.34,2.02
Tandil,AR,-37.32,-59.13,2011,3,17.93,1.34
Tandil,AR,-37.32,-59.13,2011,4,14.05,2.21
Tandil,AR,-37.32,-59.13,2011,5,9.85,0.72
Tandil,AR,-37.32,-59.13,2011,6,6.44,1.74
Tandil,AR,-37.32,-59.13,2011,7,5.71,1.8
Tandil,AR,-37.32,-59.13,2011,8,6.82,0.89
Tandil,AR,-37.32,-59.13,2011,9,10.27,1.56
Tandil,AR,-37.32,-59.13,2011,10,12.31,1.01
Tandil,AR,-37.32,-59.13,2011,11,18.33,5.18
Tandil,AR,-37.32,-59.13,2011,12,19.94,2.23
Tandil,AR,-37.32,-59.13,2011,13,13.54,2.26
Tandil,AR,-37.32,-59.13,2012,1,22.92,3.08
Tandil,AR,-37.32,-59.13,2012,2,21.22,4.42
Tandil,AR,-37.32,-59.13,2012,3,16.74,4.45
Tandil,AR,-37.32,-59.13,2012,4,12.89,1.4
Tandil,AR,-37.32,-59.13,2012,5,10.63,3.74
Tandil,AR,-37.32,-59.13,2012,6,6.06,0.42
Tandil,AR,-37.32,-59.13,2012,7,3.54,0.05
Tandil,AR,-37.32,-59.13,2012,8,8.97,8.63
Tandil,AR,-37.32,-59.13,2012,9,10.23,1.43
Tandil,AR,-37.32,-59.13,2012,10,13.54,2.9
Tandil,AR,-37.32,-59.13,2012,11,16.99,3.62
Tandil,AR,-37.32,-59.13,2012,12,19.13,6.14
Tandil,AR,-37.32,-59.13,2012,13,13.55,3.37
Tandil,AR,-37.32,-59.13,2013,1,21.32,1.77
Tandil,AR,-37.32,-59.13,2013,2,20.66,1.34
Tandil,AR,-37.32,-59.13,2013,3,15.44,3.35
Tandil,AR,-37.32,-59.13,2013,4,14.88,4.0
Tandil,AR,-37.32,-59.13,2013,5,9.32,1.65
Tandil,AR,-37.32,-59.13,2013,6,6.45,0.2
Tandil,AR,-37.32,-59.13,2013,7,6.12,1.51
Tandil,AR,-37.32,-59.13,2013,8,6.67,0.19
Tandil,AR,-37.32,-59.13,2013,9,8.83,2.75
Tandil,AR,-37.32,-59.13,2013,10,13.93,2.88
Tandil,AR,-37.32,-59.13,2013,11,16.97,3.28
Tandil,AR,-37.32,-59.13,2013,12,23.0,1.13
Tandil,AR,-37.32,-59.13,2013,13,13.6,2.0
Tandil,AR,-37.32,-59.13,2014,1,22.46,4.88
Tandil,AR,-37.32,-59.13,2014,2,19.12,4.17
Tandil,AR,-37.32,-59.13,2014,3,16.79,3.32
Tandil,AR,-37.32,-59.13,2014,4,12.54,4.38
Tandil,AR,-37.32,-59.13,2014,5,9.69,3.05
Tandil,AR,-37.32,-59.13,2014,6,6.28,1.99
Tandil,AR,-37.32,-59.13,2014,7,6.7,3.48
Tandil,AR,-37.32,-59.13,2014,8,8.86,3.68
Tandil,AR,-37.32,-59.13,2014,9,10.97,3.16
Tandil,AR,-37.32,-59.13,2014,10,14.16,3.26
Tandil,AR,-37.32,-59.13,2014,11,15.81,5.01
Tandil,AR,-37.32,-59.13,2014,12,19.5,2.52
Tandil,AR,-37.32,-59.13,2014,13,13.55,3.57
Tandil,AR,-37.32,-59.13,2015,1,19.78,3.09
Tandil,AR,-37.32,-59.13,2015,2,20.25,2.79
Tandil,AR,-37.32,-59.13,2015,3,19.66,0.61
Tandil,AR,-37.32,-59.13,2015,4,14.92,5.16
Tandil,AR,-37.32,-59.13,2015,5,12.08,1.81
Tandil,AR,-37.32,-59.13,2015,6,7.19,1.11
Tandil,AR,-37.32,-59.13,2015,7,6.47,1.81
Tandil,AR,-37.32,-59.13,2015,8,8.61,4.43
Tandil,AR,-37.32,-59.13,2015,9,8.82,0.42
Tandil,AR,-37.32,-59.13,2015,10,10.69,2.82
Tandil,AR,-37.32,-59.13,2015,11,16.27,3.52
Tandil,AR,-37.32,-59.13,2015,12,20.19,1.25
Tandil,AR,-37.32,-59.13,2015,13,13.71,2.4
Tandil,AR,-37.32,-59.13,2016,1,21.08,4.38
Tandil,AR,-37.32,-59.13,2016,2,20.79,6.58
Tandil,AR,-37.32,-59.13,2016,3,16.9,1.7
Tandil,AR,-37.32,-59.13,2016,4,12.49,3.21
Tandil,AR,-37.32,-59.13,2016,5,7.97,1.64
Tandil,AR,-37.32,-59.13,2016,6,5.67,3.52
Tandil,AR,-37.32,-59.13,2016,7,6.19,1.6
Tandil,AR,-37.32,-59.13,2016,8,8.77,0.05
Tandil,AR,-37.32,-59.13,2016,9,9.98,1.52
Tandil,AR,-37.32,-59.13,2016,10,12.51,2.4
Tandil,AR,-37.32,-59.13,2016,11,17.28,1.04
Tandil,AR,-37.32,-59.13,2016,12,21.98,1.96
Tandil,AR,-37.32,-59.13,2016,13,13.45,2.45
Tandil,AR,-37.32,-59.13,2017,1,22.24,2.01
Tandil,AR,-37.32,-59.13,2017,2,21.75,4.37
Tandil,AR,-37.32,-59.13,2017,3,17.76,3.74
Tandil,AR,-37.32,-59.13,2017,4,14.16,5.6
Tandil,AR,-37.32,-59.13,2017,5,11.0,3.17
Tandil,AR,-37.32,-59.13,2017,6,7.81,2.92
Tandil,AR,-37.32,-59.13,2017,7,7.73,1.53
Tandil,AR,-37.32,-59.13,2017,8,9.04,3.49
Tandil,AR,-37.32,-59.13,2017,9,10.22,3.45
Tandil,AR,-37.32,-59.13,2017,10,12.86,1.87
Tandil,AR,-37.32,-59.13,2017,11,14.34,3.4
Tandil,AR,-37.32,-59.13,2017,12,19.58,1.75
Tandil,AR,-37.32,-59.13,2017,13,14.0,3.09
Tandil,AR,-37.32,-59.13,2018,1,21.71,2.73
Tandil,AR,-37.32,-59.13,2018,2,21.87,1.9
Tandil,AR,-37.32,-59.13,2018,3,17.98,1.35
Tandil,AR,-37.32,-59.13,2018,4,15.94,4.32
Tandil,AR,-37.32,-59.13,2018,5,11.02,2.48
Tandil,AR,-37.32,-59.13,2018,6,6.06,0.72
Tandil,AR,-37.32,-59.13,2018,7,5.99,1.72
Tandil,AR,-37.32,-59.13,2018,8,7.53,0.85
Tandil,AR,-37.32,-59.13,2018,9,11.82,3.38
Tandil,AR,-37.32,-59.13,2018,10,12.62,0.94
Tandil,AR,-37.32,-59.13,2018,11,16.16,5.5
Tandil,AR,-37.32,-59.13,2018,12,19.21,3.13
Tandil,AR,-37.32,-59.13,2018,13,13.94,2.41
Tandil,AR,-37.32,-59.13,2019,1,20.69,4.73
Tandil,AR,-37.32,-59.13,2019,2,20.45,2.21
Tandil,AR,-37.32,-59.13,2019,3,16.72,2.55
Tandil,AR,-37.32,-59.13,2019,4,14.68,1.84
Tandil,AR,-37.32,-59.13,2019,5,10.22,1.48
Tandil,AR,-37.32,-59.13,2019,6,8.31,3.8
Tandil,AR,-37.32,-59.13,2019,7,5.89,0.3
Tandil,AR,-37.32,-59.13,2019,8,7.26,0.19
Tandil,AR,-37.32,-59.13,2019,9,9.67,0.72
Tandil,AR,-37.32,-59.13,2019,10,12.6,2.37
Tandil,AR,-37.32,-59.13,2019,11,17.69,1.96
Tandil,AR,-37.32,-59.13,2019,12,19.2,2.5
Tandil,AR,-37.32,-59.13,2019,13,13.57,2.05
Tandil,AR,-37.32,-59.13,2020,1,20.93,2.18
Tandil,AR,-37.32,-59.13,2020,2,20.04,3.52
Tandil,AR,-37.32,-59.13,2020,3,20.0,3.44
Tandil,AR,-37.32,-59.13,2020,4,13.03,5.15
Tandil,AR,-37.32,-59.13,2020,5,10.09,1.2
Tandil,AR,-37.32,-59.13,2020,6,6.81,2.57
Tandil,AR,-37.32,-59.13,2020,7,5.02,1.02
Tandil,AR,-37.32,-59.13,2020,8,7.77,0.46
Tandil,AR,-37.32,-59.13,2020,9,9.21,1.69
Tandil,AR,-37.32,-59.13,2020,10,12.37,3.97
Tandil,AR,-37.32,-59.13,2020,11,17.96,1.54
Tandil,AR,-37.32,-59.13,2020,12,20.48,1.91
Tandil,AR,-37.32,-59.13,2020,13,13.63,2.38
Tandil,AR,-37.32,-59.13,2021,1,21.3,3.56
Tandil,AR,-37.32,-59.13,2021,2,19.71,2.53
Tandil,AR,-37.32,-59.13,2021,3,18.01,3.2
Tandil,AR,-37.32,-59.13,2021,4,16.38,3.55
Tandil,AR,-37.32,-59.13,2021,5,9.31,1.81
Tandil,AR,-37.32,-59.13,2021,6,7.16,0.38
Tandil,AR,-37.32,-59.13,2021,7,6.61,0.66
Tandil,AR,-37.32,-59.13,2021,8,7.96,0.58
Tandil,AR,-37.32,-59.13,2021,9,10.85,5.22
Tandil,AR,-37.32,-59.13,2021,10,13.69,1.19
Tandil,AR,-37.32,-59.13,2021,11,17.3,2.74
Tandil,AR,-37.32,-59.13,2021,12,20.81,1.96
Tandil,AR,-37.32,-59.13,2021,13,14.06,2.27
Tandil,AR,-37.32,-59.13,2022,1,22.89,4.16
Tandil,AR,-37.32,-59.13,2022,2,19.2,3.55
Tandil,AR,-37.32,-59.13,2022,3,16.46,4.49
Tandil,AR,-37.32,-59.13,2022,4,12.94,2.27
Tandil,AR,-37.32,-59.13,2022,5,7.99,0.59
Tandil,AR,-37.32,-59.13,2022,6,4.97,0.1
Tandil,AR,-37.32,-59.13,2022,7,6.42,1.89
Tandil,AR,-37.32,-59.13,2022,8,8.01,0.98
Tandil,AR,-37.32,-59.13,2022,9,11.21,0.3
Tandil,AR,-37.32,-59.13,2022,10,13.25,2.21
Tandil,AR,-37.32,-59.13,2022,11,18.96,2.99
Tandil,AR,-37.32,-59.13,2022,12,21.39,1.8
Tandil,AR,-37.32,-59.13,2022,13,13.61,2.11
Tandil,AR,-37.32,-59.13,2023,1,22.9,2.46
Tandil,AR,-37.32,-59.13,2023,2,21.0,3.8
Tandil,AR,-37.32,-59.13,2023,3,20.66,4.78
Tandil,AR,-37.32,-59.13,2023,4,14.36,1.05
Tandil,AR,-37.32,-59.13,2023,5,10.87,4.19
Tandil,AR,-37.32,-59.13,2023,6,7.22,0.94
Tandil,AR,-37.32,-59.13,2023,7,6.35,2.31
Tandil,AR,-37.32,-59.13,2023,8,7.12,0.97
Tandil,AR,-37.32,-59.13,2023,9,9.13,1.74
Tandil,AR,-37.32,-59.13,2023,10,13.29,2.31
Tandil,AR,-37.32,-59.13,2023,11,16.45,3.5
Tandil,AR,-37.32,-59.13,2023,12,18.58,7.39
Tandil,AR,-37.32,-59.13,2023,13,13.96,2.96
Tandil,AR,-37.32,-59.13,2024,1,22.3,1.69
Tandil,AR,-37.32,-59.13,2024,2,21.3,4.62
Tandil,AR,-37.32,-59.13,2024,3,17.91,5.41
Tandil,AR,-37.32,-59.13,2024,4,13.17,2.55
Tandil,AR,-37.32,-59.13,2024,5,7.42,0.22
Tandil,AR,-37.32,-59.13,2024,6,8.42,0.57
Tandil,AR,-37.32,-59.13,2024,7,4.6,1.4
Tandil,AR,-37.32,-59.13,2024,8,7.44,1.75
Tandil,AR,-37.32,-59.13,2024,9,11.73,1.3
Tandil,AR,-37.32,-59.13,2024,10,16.0,0.68
Tandil,AR,-37.32,-59.13,2024,11,17.19,7.06
Tandil,AR,-37.32,-59.13,2024,12,18.37,3.18
Tandil,AR,-37.32,-59.13,2024,13,13.79,2.52
Buenos Aires,AR,-34.61,-58.37,1981,1,23.6,6.13
Buenos Aires,AR,-34.61,-58.37,1981,2,23.46,3.79
Buenos Aires,AR,-34.61,-58.37,1981,3,21.29,2.71
Buenos Aires,AR,-34.61,-58.37,1981,4,18.75,1.42
Buenos Aires,AR,-34.61,-58.37,1981,5,16.99,7.71
Buenos Aires,AR,-34.61,-58.37,1981,6,11.12,1.46
Buenos Aires,AR,-34.61,-58.37,1981,7,11.14,1.91
Buenos Aires,AR,-34.61,-58.37,1981,8,12.76,1.65
Buenos Aires,AR,-34.61,-58.37,1981,9,13.49,2.73
Buenos Aires,AR,-34.61,-58.37,1981,10,16.1,1.87
Buenos Aires,AR,-34.61,-58.37,1981,11,19.04,3.64
Buenos Aires,AR,-34.61,-58.37,1981,12,22.02,3.37
Buenos Aires,AR,-34.61,-58.37,1981,13,17.45,3.2
Buenos Aires,AR,-34.61,-58.37,1982,1,23.72,1.9
Buenos Aires,AR,-34.61,-58.37,1982,2,22.58,6.0
Buenos Aires,AR,-34.61,-58.37,1982,3,22.77,2.8
Buenos Aires,AR,-34.61,-58.37,1982,4,19.67,1.86
Buenos Aires,AR,-34.61,-58.37,1982,5,16.49,2.97
Buenos Aires,AR,-34.61,-58.37,1982,6,11.72,4.12
Buenos Aires,AR,-34.61,-58.37,1982,7,11.33,2.48
Buenos Aires,AR,-34.61,-58.37,1982,8,12.35,0.89
Buenos Aires,AR,-34.61,-58.37,1982,9,14.22,6.94
Buenos Aires,AR,-34.61,-58.37,1982,10,16.26,3.54
Buenos Aires,AR,-34.61,-58.37,1982,11,18.88,1.25
Buenos Aires,AR,-34.61,-58.37,1982,12,23.42,2.04
Buenos Aires,AR,-34.61,-58.37,1982,13,17.76,3.04
Buenos Aires,AR,-34.61,-58.37,1983,1,24.96,2.41
Buenos Aires,AR,-34.61,-58.37,1983,2,23.42,2.61
Buenos Aires,AR,-34.61,-58.37,1983,3,21.76,1.24
Buenos Aires,AR,-34.61,-58.37,1983,4,18.72,2.18
Buenos Aires,AR,-34.61,-58.37,1983,5,15.18,1.7
Buenos Aires,AR,-34.61,-58.37,1983,6,10.06,1.36
Buenos Aires,AR,-34.61,-58.37,1983,7,9.89,0.44
Buenos Aires,AR,-34.61,-58.37,1983,8,11.46,3.34
Buenos Aires,AR,-34.61,-58.37,1983,9,13.22,3.14
Buenos Aires,AR,-34.61,-58.37,1983,10,15.59,4.29
Buenos Aires,AR,-34.61,-58.37,1983,11,19.11,2.79
Buenos Aires,AR,-34.61,-58.37,1983,12,23.17,3.76
Buenos Aires,AR,-34.61,-58.37,1983,13,17.18,2.44
Buenos Aires,AR,-34.61,-58.37,1984,1,24.52,6.18
Buenos Aires,AR,-34.61,-58.37,1984,2,24.24,9.75
Buenos Aires,AR,-34.61,-58.37,1984,3,21.88,3.64
Buenos Aires,AR,-34.61,-58.37,1984,4,17.31,2.16
Buenos Aires,AR,-34.61,-58.37,1984,5,13.89,2.65
Buenos Aires,AR,-34.61,-58.37,1984,6,10.35,2.52
Buenos Aires,AR,-34.61,-58.37,1984,7,10.06,1.83
Buenos Aires,AR,-34.61,-58.37,1984,8,10.75,0.5
Buenos Aires,AR,-34.61,-58.37,1984,9,12.96,2.3
Buenos Aires,AR,-34.61,-58.37,1984,10,16.83,7.8
Buenos Aires,AR,-34.61,-58.37,1984,11,18.17,2.49
Buenos Aires,AR,-34.61,-58.37,1984,12,20.62,1.77
Buenos Aires,AR,-34.61,-58.37,1984,13,16.78,3.61
Buenos Aires,AR,-34.61,-58.37,1985,1,23.98,3.37
Buenos Aires,AR,-34.61,-58.37,1985,2,23.88,2.31
Buenos Aires,AR,-34.61,-58.37,1985,3,21.88,3.14
Buenos Aires,AR,-34.61,-58.37,1985,4,17.97,3.82
Buenos Aires,AR,-34.61,-58.37,1985,5,15.41,7.59
Buenos Aires,AR,-34.61,-58.37,1985,6,12.81,1.54
Buenos Aires,AR,-34.61,-58.37,1985,7,11.96,2.67
Buenos Aires,AR,-34.61,-58.37,1985,8,12.69,0.92
Buenos Aires,AR,-34.61,-58.37,1985,9,14.42,2.86
Buenos Aires,AR,-34.61,-58.37,1985,10,16.66,6.51
Buenos Aires,AR,-34.61,-58.37,1985,11,20.06,7.5
Buenos Aires,AR,-34.61,-58.37,1985,12,22.44,1.88
Buenos Aires,AR,-34.61,-58.37,1985,13,17.81,3.68
Buenos Aires,AR,-34.61,-58.37,1986,1,24.45,4.16
Buenos Aires,AR,-34.61,-58.37,1986,2,23.73,0.95
Buenos Aires,AR,-34.61,-58.37,1986,3,20.79,2.07
Buenos Aires,AR,-34.61,-58.37,1986,4,19.01,6.78
Buenos Aires,AR,-34.61,-58.37,1986,5,14.52,2.66
Buenos Aires,AR,-34.61,-58.37,1986,6,13.12,2.74
Buenos Aires,AR,-34.61,-58.37,1986,7,11.89,1.19
Buenos Aires,AR,-34.61,-58.37,1986,8,11.26,4.8
Buenos Aires,AR,-34.61,-58.37,1986,9,13.68,2.39
Buenos Aires,AR,-34.61,-58.37,1986,10,15.93,6.21
Buenos Aires,AR,-34.61,-58.37,1986,11,19.02,7.02
Buenos Aires,AR,-34.61,-58.37,1986,12,21.94,1.73
Buenos Aires,AR,-34.61,-58.37,1986,13,17.41,3.57
Buenos Aires,AR,-34.61,-58.37,1987,1,24.38,2.27
Buenos Aires,AR,-34.61,-58.37,1987,2,24.54,5.9
Buenos Aires,AR,-34.61,-58.37,1987,3,21.99,5.73
Buenos Aires,AR,-34.61,-58.37,1987,4,18.69,3.16
Buenos Aires,AR,-34.61,-58.37,1987,5,12.95,0.38
Buenos Aires,AR,-34.61,-58.37,1987,6,11.88,0.07
Buenos Aires,AR,-34.61,-58.37,1987,7,12.59,3.19
Buenos Aires,AR,-34.61,-58.37,1987,8,11.91,1.85
Buenos Aires,AR,-34.61,-58.37,1987,9,13.16,1.93
Buenos Aires,AR,-34.61,-58.37,1987,10,16.68,4.66
Buenos Aires,AR,-34.61,-58.37,1987,11,19.25,4.3
Buenos Aires,AR,-34.61,-58.37,1987,12,21.1,3.75
Buenos Aires,AR,-34.61,-58.37,1987,13,17.39,3.08
Buenos Aires,AR,-34.61,-58.37,1988,1,23.37,3.75
Buenos Aires,AR,-34.61,-58.37,1988,2,22.06,2.38
Buenos Aires,AR,-34.61,-58.37,1988,3,22.78,14.21
Buenos Aires,AR,-34.61,-58.37,1988,4,16.88,1.09
Buenos Aires,AR,-34.61,-58.37,1988,5,12.96,0.09
Buenos Aires,AR,-34.61,-58.37,1988,6,10.77,0.33
Buenos Aires,AR,-34.61,-58.37,1988,7,9.78,1.08
Buenos Aires,AR,-34.61,-58.37,1988,8,11.97,1.02
Buenos Aires,AR,-34.61,-58.37,1988,9,12.51,1.15
Buenos Aires,AR,-34.61,-58.37,1988,10,15.32,4.73
Buenos Aires,AR,-34.61,-58.37,1988,11,19.31,2.49
Buenos Aires,AR,-34.61,-58.37,1988,12,22.1,2.53
Buenos Aires,AR,-34.61,-58.37,1988,13,16.64,2.92
Buenos Aires,AR,-34.61,-58.37,1989,1,25.06,1.4
Buenos Aires,AR,-34.61,-58.37,1989,2,24.57,2.0
Buenos Aires,AR,-34.61,-58.37,1989,3,22.0,5.4
Buenos Aires,AR,-34.61,-58.37,1989,4,19.2,4.52
Buenos Aires,AR,-34.61,-58.37,1989,5,15.58,0.29
Buenos Aires,AR,-34.61,-58.37,1989,6,13.56,1.41
Buenos Aires,AR,-34.61,-58.37,1989,7,11.11,1.6
Buenos Aires,AR,-34.61,-58.37,1989,8,13.47,5.22
Buenos Aires,AR,-34.61,-58.37,1989,9,13.3,1.01
Buenos Aires,AR,-34.61,-58.37,1989,10,16.02,1.6
Buenos Aires,AR,-34.61,-58.37,1989,11,19.33,3.54
Buenos Aires,AR,-34.61,-58.37,1989,12,22.94,6.69
Buenos Aires,AR,-34.61,-58.37,1989,13,17.98,2.9
Buenos Aires,AR,-34.61,-58.37,1990,1,24.1,6.89
Buenos Aires,AR,-34.61,-58.37,1990,2,22.35,9.52
Buenos Aires,AR,-34.61,-58.37,1990,3,20.68,4.91
Buenos Aires,AR,-34.61,-58.37,1990,4,17.85,6.77
Buenos Aires,AR,-34.61,-58.37,1990,5,14.23,1.86
Buenos Aires,AR,-34.61,-58.37,1990,6,10.82,0.27
Buenos Aires,AR,-34.61,-58.37,1990,7,10.75,0.93
Buenos Aires,AR,-34.61,-58.37,1990,8,13.67,0.88
Buenos Aires,AR,-34.61,-58.37,1990,9,13.08,1.79
Buenos Aires,AR,-34.61,-58.37,1990,10,16.65,3.9
Buenos Aires,AR,-34.61,-58.37,1990,11,19.05,8.31
Buenos Aires,AR,-34.61,-58.37,1990,12,20.89,3.7
Buenos Aires,AR,-34.61,-58.37,1990,13,16.99,4.1
Buenos Aires,AR,-34.61,-58.37,1991,1,23.18,4.91
Buenos Aires,AR,-34.61,-58.37,1991,2,22.88,1.48
Buenos Aires,AR,-34.61,-58.37,1991,3,22.66,1.32
Buenos Aires,AR,-34.61,-58.37,1991,4,18.84,3.47
Buenos Aires,AR,-34.61,-58.37,1991,5,17.11,3.06
Buenos Aires,AR,-34.61,-58.37,1991,6,12.03,3.92
Buenos Aires,AR,-34.61,-58.37,1991,7,10.61,3.02
Buenos Aires,AR,-34.61,-58.37,1991,8,12.41,2.39
Buenos Aires,AR,-34.61,-58.37,1991,9,14.46,2.77
Buenos Aires,AR,-34.61,-58.37,1991,10,15.35,4.5
Buenos Aires,AR,-34.61,-58.37,1991,11,18.06,3.47
Buenos Aires,AR,-34.61,-58.37,1991,12,21.21,6.94
Buenos Aires,AR,-34.61,-58.37,1991,13,17.37,3.45
Buenos Aires,AR,-34.61,-58.37,1992,1,22.16,3.14
Buenos Aires,AR,-34.61,-58.37,1992,2,23.45,1.42
Buenos Aires,AR,-34.61,-58.37,1992,3,22.66,3.77
Buenos Aires,AR,-34.61,-58.37,1992,4,17.97,4.17
Buenos Aires,AR,-34.61,-58.37,1992,5,14.47,4.87
Buenos Aires,AR,-34.61,-58.37,1992,6,12.87,3.58
Buenos Aires,AR,-34.61,-58.37,1992,7,8.99,1.48
Buenos Aires,AR,-34.61,-58.37,1992,8,11.07,3.18
Buenos Aires,AR,-34.61,-58.37,1992,9,13.28,1.9
Buenos Aires,AR,-34.61,-58.37,1992,10,16.11,4.29
Buenos Aires,AR,-34.61,-58.37,1992,11,17.23,3.27
Buenos Aires,AR,-34.61,-58.37,1992,12,21.03,2.98
Buenos Aires,AR,-34.61,-58.37,1992,13,16.75,3.18
Buenos Aires,AR,-34.61,-58.37,1993,1,23.96,3.86
Buenos Aires,AR,-34.61,-58.37,1993,2,22.35,5.9
Buenos Aires,AR,-34.61,-58.37,1993,3,22.55,2.76
Buenos Aires,AR,-34.61,-58.37,1993,4,18.99,5.93
Buenos Aires,AR,-34.61,-58.37,1993,5,14.57,3.37
Buenos Aires,AR,-34.61,-58.37,1993,6,11.44,4.41
Buenos Aires,AR,-34.61,-58.37,1993,7,9.84,1.02
Buenos Aires,AR,-34.61,-58.37,1993,8,11.63,1.52
Buenos Aires,AR,-34.61,-58.37,1993,9,12.38,1.37
Buenos Aires,AR,-34.61,-58.37,1993,10,15.95,6.8
Buenos Aires,AR,-34.61,-58.37,1993,11,17.99,8.02
Buenos Aires,AR,-34.61,-58.37,1993,12,20.56,5.67
Buenos Aires,AR,-34.61,-58.37,1993,13,16.82,4.2
Buenos Aires,AR,-34.61,-58.37,1994,1,22.72,2.71
Buenos Aires,AR,-34.61,-58.37,1994,2,22.96,1.91
Buenos Aires,AR,-34.61,-58.37,1994,3,21.9,4.28
Buenos Aires,AR,-34.61,-58.37,1994,4,17.66,4.92
Buenos Aires,AR,-34.61,-58.37,1994,5,15.96,3.42
Buenos Aires,AR,-34.61,-58.37,1994,6,12.75,1.82
Buenos Aires,AR,-34.61,-58.37,1994,7,11.04,3.07
Buenos Aires,AR,-34.61,-58.37,1994,8,11.45,1.0
Buenos Aires,AR,-34.61,-58.37,1994,9,13.81,0.94
Buenos Aires,AR,-34.61,-58.37,1994,10,15.82,3.86
Buenos Aires,AR,-34.61,-58.37,1994,11,19.74,1.15
Buenos Aires,AR,-34.61,-58.37,1994,12,23.65,3.97
Buenos Aires,AR,-34.61,-58.37,1994,13,17.43,2.77
Buenos Aires,AR,-34.61,-58.37,1995,1,23.77,1.78
Buenos Aires,AR,-34.61,-58.37,1995,2,22.97,2.95
Buenos Aires,AR,-34.61,-58.37,1995,3,21.43,4.63
Buenos Aires,AR,-34.61,-58.37,1995,4,17.81,5.81
Buenos Aires,AR,-34.61,-58.37,1995,5,14.91,0.81
Buenos Aires,AR,-34.61,-58.37,1995,6,11.12,1.34
Buenos Aires,AR,-34.61,-58.37,1995,7,9.79,0.96
Buenos Aires,AR,-34.61,-58.37,1995,8,10.55,0.17
Buenos Aires,AR,-34.61,-58.37,1995,9,12.65,0.97
Buenos Aires,AR,-34.61,-58.37,1995,10,15.61,3.23
Buenos Aires,AR,-34.61,-58.37,1995,11,19.59,4.07
Buenos Aires,AR,-34.61,-58.37,1995,12,22.89,1.35
Buenos Aires,AR,-34.61,-58.37,1995,13,16.89,2.33
Buenos Aires,AR,-34.61,-58.37,1996,1,24.24,2.02
Buenos Aires,AR,-34.61,-58.37,1996,2,23.32,4.32
Buenos Aires,AR,-34.61,-58.37,1996,3,23.25,1.59
Buenos Aires,AR,-34.61,-58.37,1996,4,18.98,3.6
Buenos Aires,AR,-34.61,-58.37,1996,5,15.86,0.77
Buenos Aires,AR,-34.61,-58.37,1996,6,10.69,0.78
Buenos Aires,AR,-34.61,-58.37,1996,7,9.59,0.85
Buenos Aires,AR,-34.61,-58.37,1996,8,13.75,1.87
Buenos Aires,AR,-34.61,-58.37,1996,9,13.48,4.26
Buenos Aires,AR,-34.61,-58.37,1996,10,17.87,2.3
Buenos Aires,AR,-34.61,-58.37,1996,11,20.88,4.11
Buenos Aires,AR,-34.61,-58.37,1996,12,23.28,3.19
Buenos Aires,AR,-34.61,-58.37,1996,13,17.92,2.45
Buenos Aires,AR,-34.61,-58.37,1997,1,25.54,4.16
Buenos Aires,AR,-34.61,-58.37,1997,2,22.83,2.56
Buenos Aires,AR,-34.61,-58.37,1997,3,22.43,1.94
Buenos Aires,AR,-34.61,-58.37,1997,4,19.74,2.51
Buenos Aires,AR,-34.61,-58.37,1997,5,16.73,2.43
Buenos Aires,AR,-34.61,-58.37,1997,6,12.32,2.41
Buenos Aires,AR,-34.61,-58.37,1997,7,12.06,1.25
Buenos Aires,AR,-34.61,-58.37,1997,8,13.23,2.93
Buenos Aires,AR,-34.61,-58.37,1997,9,14.24,0.52
Buenos Aires,AR,-34.61,-58.37,1997,10,17.18,3.57
Buenos Aires,AR,-34.61,-58.37,1997,11,19.98,3.79
Buenos Aires,AR,-34.61,-58.37,1997,12,21.3,9.99
Buenos Aires,AR,-34.61,-58.37,1997,13,18.11,3.19
Buenos Aires,AR,-34.61,-58.37,1998,1,22.88,4.05
Buenos Aires,AR,-34.61,-58.37,1998,2,22.26,3.08
Buenos Aires,AR,-34.61,-58.37,1998,3,20.99,3.36
Buenos Aires,AR,-34.61,-58.37,1998,4,18.25,3.21
Buenos Aires,AR,-34.61,-58.37,1998,5,15.84,2.1
Buenos Aires,AR,-34.61,-58.37,1998,6,12.35,0.72
Buenos Aires,AR,-34.61,-58.37,1998,7,13.25,2.62
Buenos Aires,AR,-34.61,-58.37,1998,8,13.25,0.42
Buenos Aires,AR,-34.61,-58.37,1998,9,13.89,1.5
Buenos Aires,AR,-34.61,-58.37,1998,10,18.12,1.72
Buenos Aires,AR,-34.61,-58.37,1998,11,20.13,2.81
Buenos Aires,AR,-34.61,-58.37,1998,12,22.38,4.85
Buenos Aires,AR,-34.61,-58.37,1998,13,17.78,2.54
Buenos Aires,AR,-34.61,-58.37,1999,1,22.11,4.61
Buenos Aires,AR,-34.61,-58.37,1999,2,22.99,6.34
Buenos Aires,AR,-34.61,-58.37,1999,3,22.66,6.55
Buenos Aires,AR,-34.61,-58.37,1999,4,16.95,1.1
Buenos Aires,AR,-34.61,-58.37,1999,5,14.69,1.19
Buenos Aires,AR,-34.61,-58.37,1999,6,11.28,0.85
Buenos Aires,AR,-34.61,-58.37,1999,7,10.86,3.41
Buenos Aires,AR,-34.61,-58.37,1999,8,12.32,2.73
Buenos Aires,AR,-34.61,-58.37,1999,9,14.56,2.12
Buenos Aires,AR,-34.61,-58.37,1999,10,16.97,0.98
Buenos Aires,AR,-34.61,-58.37,1999,11,19.95,1.49
Buenos Aires,AR,-34.61,-58.37,1999,12,23.05,2.24
Buenos Aires,AR,-34.61,-58.37,1999,13,17.34,2.79
Buenos Aires,AR,-34.61,-58.37,2000,1,25.09,2.85
Buenos Aires,AR,-34.61,-58.37,2000,2,24.55,2.55
Buenos Aires,AR,-34.61,-58.37,2000,3,21.66,1.92
Buenos Aires,AR,-34.61,-58.37,2000,4,18.79,5.71
Buenos Aires,AR,-34.61,-58.37,2000,5,14.67,9.66
Buenos Aires,AR,-34.61,-58.37,2000,6,12.96,3.95
Buenos Aires,AR,-34.61,-58.37,2000,7,8.92,1.7
Buenos Aires,AR,-34.61,-58.37,2000,8,11.6,2.25
Buenos Aires,AR,-34.61,-58.37,2000,9,13.32,3.61
Buenos Aires,AR,-34.61,-58.37,2000,10,16.31,4.35
Buenos Aires,AR,-34.61,-58.37,2000,11,18.82,3.31
Buenos Aires,AR,-34.61,-58.37,2000,12,22.09,3.07
Buenos Aires,AR,-34.61,-58.37,2000,13,17.37,3.75
Buenos Aires,AR,-34.61,-58.37,2001,1,24.75,5.44
Buenos Aires,AR,-34.61,-58.37,2001,2,24.93,4.33
Buenos Aires,AR,-34.61,-58.37,2001,3,23.17,8.23
Buenos Aires,AR,-34.61,-58.37,2001,4,18.56,1.36
Buenos Aires,AR,-34.61,-58.37,2001,5,14.27,2.21
Buenos Aires,AR,-34.61,-58.37,2001,6,13.27,2.43
Buenos Aires,AR,-34.61,-58.37,2001,7,10.81,1.85
Buenos Aires,AR,-34.61,-58.37,2001,8,14.61,5.16
Buenos Aires,AR,-34.61,-58.37,2001,9,14.16,1.51
Buenos Aires,AR,-34.61,-58.37,2001,10,17.81,6.33
Buenos Aires,AR,-34.61,-58.37,2001,11,19.54,4.6
Buenos Aires,AR,-34.61,-58.37,2001,12,21.7,2.07
Buenos Aires,AR,-34.61,-58.37,2001,13,18.09,3.8
Buenos Aires,AR,-34.61,-58.37,2002,1,24.3,3.3
Buenos Aires,AR,-34.61,-58.37,2002,2,22.74,2.74
Buenos Aires,AR,-34.61,-58.37,2002,3,22.28,8.71
Buenos Aires,AR,-34.61,-58.37,2002,4,17.92,4.09
Buenos Aires,AR,-34.61,-58.37,2002,5,16.24,5.58
Buenos Aires,AR,-34.61,-58.37,2002,6,11.31,1.05
Buenos Aires,AR,-34.61,-58.37,2002,7,10.84,3.05
Buenos Aires,AR,-34.61,-58.37,2002,8,12.92,2.46
Buenos Aires,AR,-34.61,-58.37,2002,9,13.89,2.89
Buenos Aires,AR,-34.61,-58.37,2002,10,18.21,2.38
Buenos Aires,AR,-34.61,-58.37,2002,11,20.26,4.76
Buenos Aires,AR,-34.61,-58.37,2002,12,22.26,5.11
Buenos Aires,AR,-34.61,-58.37,2002,13,17.74,3.86
Buenos Aires,AR,-34.61,-58.37,2003,1,24.43,2.63
Buenos Aires,AR,-34.61,-58.37,2003,2,23.42,8.96
Buenos Aires,AR,-34.61,-58.37,2003,3,21.86,2.51
Buenos Aires,AR,-34.61,-58.37,2003,4,18.05,2.04
Buenos Aires,AR,-34.61,-58.37,2003,5,15.39,1.77
Buenos Aires,AR,-34.61,-58.37,2003,6,13.02,1.73
Buenos Aires,AR,-34.61,-58.37,2003,7,10.96,1.98
Buenos Aires,AR,-34.61,-58.37,2003,8,11.46,1.19
Buenos Aires,AR,-34.61,-58.37,2003,9,13.22,3.62
Buenos Aires,AR,-34.61,-58.37,2003,10,17.58,2.07
Buenos Aires,AR,-34.61,-58.37,2003,11,19.76,5.81
Buenos Aires,AR,-34.61,-58.37,2003,12,21.5,3.38
Buenos Aires,AR,-34.61,-58.37,2003,13,17.52,3.09
Buenos Aires,AR,-34.61,-58.37,2004,1,24.72,4.61
Buenos Aires,AR,-34.61,-58.37,2004,2,23.11,3.05
Buenos Aires,AR,-34.61,-58.37,2004,3,23.36,1.03
Buenos Aires,AR,-34.61,-58.37,2004,4,19.72,7.66
Buenos Aires,AR,-34.61,-58.37,2004,5,14.09,2.07
Buenos Aires,AR,-34.61,-58.37,2004,6,12.8,1.23
Buenos Aires,AR,-34.61,-58.37,2004,7,11.36,1.17
Buenos Aires,AR,-34.61,-58.37,2004,8,13.13,1.94
Buenos Aires,AR,-34.61,-58.37,2004,9,14.9,1.15
Buenos Aires,AR,-34.61,-58.37,2004,10,16.84,2.29
Buenos Aires,AR,-34.61,-58.37,2004,11,18.85,2.44
Buenos Aires,AR,-34.61,-58.37,2004,12,22.81,2.96
Buenos Aires,AR,-34.61,-58.37,2004,13,17.96,2.63
Buenos Aires,AR,-34.61,-58.37,2005,1,24.94,4.8
Buenos Aires,AR,-34.61,-58.37,2005,2,23.51,1.8
Buenos Aires,AR,-34.61,-58.37,2005,3,21.71,3.81
Buenos Aires,AR,-34.61,-58.37,2005,4,17.56,3.25
Buenos Aires,AR,-34.61,-58.37,2005,5,15.21,0.82
Buenos Aires,AR,-34.61,-58.37,2005,6,14.08,2.32
Buenos Aires,AR,-34.61,-58.37,2005,7,11.75,2.55
Buenos Aires,AR,-34.61,-58.37,2005,8,12.69,3.86
Buenos Aires,AR,-34.61,-58.37,2005,9,13.17,2.0
Buenos Aires,AR,-34.61,-58.37,2005,10,16.56,1.39
Buenos Aires,AR,-34.61,-58.37,2005,11,20.83,1.86
Buenos Aires,AR,-34.61,-58.37,2005,12,21.6,1.33
Buenos Aires,AR,-34.61,-58.37,2005,13,17.77,2.49
Buenos Aires,AR,-34.61,-58.37,2006,1,23.96,6.91
Buenos Aires,AR,-34.61,-58.37,2006,2,23.63,4.05
Buenos Aires,AR,-34.61,-58.37,2006,3,20.9,4.29
Buenos Aires,AR,-34.61,-58.37,2006,4,18.76,1.99
Buenos Aires,AR,-34.61,-58.37,2006,5,14.29,0.25
Buenos Aires,AR,-34.61,-58.37,2006,6,12.45,4.52
Buenos Aires,AR,-34.61,-58.37,2006,7,13.31,1.36
Buenos Aires,AR,-34.61,-58.37,2006,8,11.59,0.99
Buenos Aires,AR,-34.61,-58.37,2006,9,14.18,0.79
Buenos Aires,AR,-34.61,-58.37,2006,10,18.79,5.22
Buenos Aires,AR,-34.61,-58.37,2006,11,20.11,2.02
Buenos Aires,AR,-34.61,-58.37,2006,12,24.32,5.52
Buenos Aires,AR,-34.61,-58.37,2006,13,18.0,3.16
Buenos Aires,AR,-34.61,-58.37,2007,1,24.68,1.54
Buenos Aires,AR,-34.61,-58.37,2007,2,24.71,4.45
Buenos Aires,AR,-34.61,-58.37,2007,3,21.98,11.79
Buenos Aires,AR,-34.61,-58.37,2007,4,19.0,5.61
Buenos Aires,AR,-34.61,-58.37,2007,5,12.98,2.08
Buenos Aires,AR,-34.61,-58.37,2007,6,10.18,1.05
Buenos Aires,AR,-34.61,-58.37,2007,7,8.81,0.33
Buenos Aires,AR,-34.61,-58.37,2007,8,9.69,1.96
Buenos Aires,AR,-34.61,-58.37,2007,9,15.66,3.66
Buenos Aires,AR,-34.61,-58.37,2007,10,18.28,5.46
Buenos Aires,AR,-34.61,-58.37,2007,11,18.6,1.39
Buenos Aires,AR,-34.61,-58.37,2007,12,22.67,1.04
Buenos Aires,AR,-34.61,-58.37,2007,13,17.22,3.36
Buenos Aires,AR,-34.61,-58.37,2008,1,24.49,3.24
Buenos Aires,AR,-34.61,-58.37,2008,2,24.72,3.76
Buenos Aires,AR,-34.61,-58.37,2008,3,21.59,4.03
Buenos Aires,AR,-34.61,-58.37,2008,4,18.49,0.71
Buenos Aires,AR,-34.61,-58.37,2008,5,15.38,1.11
Buenos Aires,AR,-34.61,-58.37,2008,6,11.47,1.64
Buenos Aires,AR,-34.61,-58.37,2008,7,13.36,1.12
Buenos Aires,AR,-34.61,-58.37,2008,8,12.32,0.64
Buenos Aires,AR,-34.61,-58.37,2008,9,13.8,0.74
Buenos Aires,AR,-34.61,-58.37,2008,10,17.54,2.23
Buenos Aires,AR,-34.61,-58.37,2008,11,23.44,2.04
Buenos Aires,AR,-34.61,-58.37,2008,12,23.41,1.08
Buenos Aires,AR,-34.61,-58.37,2008,13,18.32,1.86
Buenos Aires,AR,-34.61,-58.37,2009,1,24.41,0.79
Buenos Aires,AR,-34.61,-58.37,2009,2,23.99,4.38
Buenos Aires,AR,-34.61,-58.37,2009,3,23.06,3.85
Buenos Aires,AR,-34.61,-58.37,2009,4,19.25,0.98
Buenos Aires,AR,-34.61,-58.37,2009,5,16.06,1.27
Buenos Aires,AR,-34.61,-58.37,2009,6,11.18,0.89
Buenos Aires,AR,-34.61,-58.37,2009,7,9.8,3.41
Buenos Aires,AR,-34.61,-58.37,2009,8,13.45,1.02
Buenos Aires,AR,-34.61,-58.37,2009,9,13.36,3.23
Buenos Aires,AR,-34.61,-58.37,2009,10,16.59,5.13
Buenos Aires,AR,-34.61,-58.37,2009,11,21.1,5.66
Buenos Aires,AR,-34.61,-58.37,2009,12,22.43,4.81
Buenos Aires,AR,-34.61,-58.37,2009,13,17.86,2.94
Buenos Aires,AR,-34.61,-58.37,2010,1,25.25,3.77
Buenos Aires,AR,-34.61,-58.37,2010,2,23.97,10.0
Buenos Aires,AR,-34.61,-58.37,2010,3,22.57,2.26
Buenos Aires,AR,-34.61,-58.37,2010,4,17.84,2.3
Buenos Aires,AR,-34.61,-58.37,2010,5,15.72,3.91
Buenos Aires,AR,-34.61,-58.37,2010,6,12.22,1.83
Buenos Aires,AR,-34.61,-58.37,2010,7,10.48,3.15
Buenos Aires,AR,-34.61,-58.37,2010,8,11.1,0.84
Buenos Aires,AR,-34.61,-58.37,2010,9,14.23,4.89
Buenos Aires,AR,-34.61,-58.37,2010,10,16.52,1.14
Buenos Aires,AR,-34.61,-58.37,2010,11,19.98,1.03
Buenos Aires,AR,-34.61,-58.37,2010,12,23.79,1.34
Buenos Aires,AR,-34.61,-58.37,2010,13,17.77,2.99
Buenos Aires,AR,-34.61,-58.37,2011,1,25.02,3.76
Buenos Aires,AR,-34.61,-58.37,2011,2,23.29,2.15
Buenos Aires,AR,-34.61,-58.37,2011,3,21.99,1.2
Buenos Aires,AR,-34.61,-58.37,2011,4,18.81,3.45
Buenos Aires,AR,-34.61,-58.37,2011,5,14.81,1.43
Buenos Aires,AR,-34.61,-58.37,2011,6,11.51,3.88
Buenos Aires,AR,-34.61,-58.37,2011,7,10.15,2.43
Buenos Aires,AR,-34.61,-58.37,2011,8,11.31,0.94
Buenos Aires,AR,-34.61,-58.37,2011,9,14.83,0.45
Buenos Aires,AR,-34.61,-58.37,2011,10,16.97,2.17
Buenos Aires,AR,-34.61,-58.37,2011,11,21.96,2.38
Buenos Aires,AR,-34.61,-58.37,2011,12,22.4,1.5
Buenos Aires,AR,-34.61,-58.37,2011,13,17.72,2.14
Buenos Aires,AR,-34.61,-58.37,2012,1,25.32,1.27
Buenos Aires,AR,-34.61,-58.37,2012,2,24.63,6.96
Buenos Aires,AR,-34.61,-58.37,2012,3,21.88,3.72
Buenos Aires,AR,-34.61,-58.37,2012,4,18.16,2.01
Buenos Aires,AR,-34.61,-58.37,2012,5,16.0,2.73
Buenos Aires,AR,-34.61,-58.37,2012,6,11.86,0.39
Buenos Aires,AR,-34.61,-58.37,2012,7,9.4,0.66
Buenos Aires,AR,-34.61,-58.37,2012,8,13.3,6.5
Buenos Aires,AR,-34.61,-58.37,2012,9,15.44,2.95
Buenos Aires,AR,-34.61,-58.37,2012,10,17.75,8.49
Buenos Aires,AR,-34.61,-58.37,2012,11,21.52,2.94
Buenos Aires,AR,-34.61,-58.37,2012,12,23.79,7.02
Buenos Aires,AR,-34.61,-58.37,2012,13,18.24,3.81
Buenos Aires,AR,-34.61,-58.37,2013,1,24.53,1.6
Buenos Aires,AR,-34.61,-58.37,2013,2,23.88,3.26
Buenos Aires,AR,-34.61,-58.37,2013,3,20.36,2.59
Buenos Aires,AR,-34.61,-58.37,2013,4,19.06,4.78
Buenos Aires,AR,-34.61,-58.37,2013,5,14.96,3.09
Buenos Aires,AR,-34.61,-58.37,2013,6,12.07,0.25
Buenos Aires,AR,-34.61,-58.37,2013,7,11.33,1.76
Buenos Aires,AR,-34.61,-58.37,2013,8,11.41,0.32
Buenos Aires,AR,-34.61,-58.37,2013,9,13.73,6.8
Buenos Aires,AR,-34.61,-58.37,2013,10,17.75,0.82
Buenos Aires,AR,-34.61,-58.37,2013,11,20.59,5.09
Buenos Aires,AR,-34.61,-58.37,2013,12,26.08,0.69
Buenos Aires,AR,-34.61,-58.37,2013,13,17.95,2.56
Buenos Aires,AR,-34.61,-58.37,2014,1,25.53,6.33
Buenos Aires,AR,-34.61,-58.37,2014,2,22.88,8.14
Buenos Aires,AR,-34.61,-58.37,2014,3,20.63,4.68
Buenos Aires,AR,-34.61,-58.37,2014,4,18.25,3.17
Buenos Aires,AR,-34.61,-58.37,2014,5,15.17,3.89
Buenos Aires,AR,-34.61,-58.37,2014,6,11.93,1.18
Buenos Aires,AR,-34.61,-58.37,2014,7,11.74,4.7
Buenos Aires,AR,-34.61,-58.37,2014,8,13.61,0.82
Buenos Aires,AR,-34.61,-58.37,2014,9,15.7,5.44
Buenos Aires,AR,-34.61,-58.37,2014,10,19.47,5.92
Buenos Aires,AR,-34.61,-58.37,2014,11,20.51,6.88
Buenos Aires,AR,-34.61,-58.37,2014,12,23.12,2.4
Buenos Aires,AR,-34.61,-58.37,2014,13,18.19,4.44
Buenos Aires,AR,-34.61,-58.37,2015,1,24.19,5.04
Buenos Aires,AR,-34.61,-58.37,2015,2,24.33,1.07
Buenos Aires,AR,-34.61,-58.37,2015,3,23.17,1.01
Buenos Aires,AR,-34.61,-58.37,2015,4,20.35,1.86
Buenos Aires,AR,-34.61,-58.37,2015,5,16.86,1.12
Buenos Aires,AR,-34.61,-58.37,2015,6,13.23,1.6
Buenos Aires,AR,-34.61,-58.37,2015,7,12.17,1.7
Buenos Aires,AR,-34.61,-58.37,2015,8,14.29,6.26
Buenos Aires,AR,-34.61,-58.37,2015,9,14.01,1.02
Buenos Aires,AR,-34.61,-58.37,2015,10,15.52,2.35
Buenos Aires,AR,-34.61,-58.37,2015,11,20.1,5.57
Buenos Aires,AR,-34.61,-58.37,2015,12,24.14,1.96
Buenos Aires,AR,-34.61,-58.37,2015,13,18.5,2.56
Buenos Aires,AR,-34.61,-58.37,2016,1,25.52,1.56
Buenos Aires,AR,-34.61,-58.37,2016,2,25.94,5.14
Buenos Aires,AR,-34.61,-58.37,2016,3,21.3,2.32
Buenos Aires,AR,-34.61,-58.37,2016,4,18.07,6.79
Buenos Aires,AR,-34.61,-58.37,2016,5,12.85,1.26
Buenos Aires,AR,-34.61,-58.37,2016,6,10.3,1.05
Buenos Aires,AR,-34.61,-58.37,2016,7,10.75,4.97
Buenos Aires,AR,-34.61,-58.37,2016,8,12.96,1.76
Buenos Aires,AR,-34.61,-58.37,2016,9,13.74,1.77
Buenos Aires,AR,-34.61,-58.37,2016,10,17.12,3.53
Buenos Aires,AR,-34.61,-58.37,2016,11,20.54,2.93
Buenos Aires,AR,-34.61,-58.37,2016,12,24.41,3.18
Buenos Aires,AR,-34.61,-58.37,2016,13,17.77,3.01
Buenos Aires,AR,-34.61,-58.37,2017,1,25.36,3.2
Buenos Aires,AR,-34.61,-58.37,2017,2,24.95,4.42
Buenos Aires,AR,-34.61,-58.37,2017,3,22.68,2.36
Buenos Aires,AR,-34.61,-58.37,2017,4,19.01,2.93
Buenos Aires,AR,-34.61,-58.37,2017,5,16.12,3.62
Buenos Aires,AR,-34.61,-58.37,2017,6,13.69,0.05
Buenos Aires,AR,-34.61,-58.37,2017,7,12.67,3.18
Buenos Aires,AR,-34.61,-58.37,2017,8,14.38,4.74
Buenos Aires,AR,-34.61,-58.37,2017,9,15.49,4.7
Buenos Aires,AR,-34.61,-58.37,2017,10,17.45,3.65
Buenos Aires,AR,-34.61,-58.37,2017,11,19.91,1.33
Buenos Aires,AR,-34.61,-58.37,2017,12,23.63,3.31
Buenos Aires,AR,-34.61,-58.37,2017,13,18.75,3.12
Buenos Aires,AR,-34.61,-58.37,2018,1,25.24,1.75
Buenos Aires,AR,-34.61,-58.37,2018,2,24.63,2.52
Buenos Aires,AR,-34.61,-58.37,2018,3,22.21,3.84
Buenos Aires,AR,-34.61,-58.37,2018,4,21.49,6.08
Buenos Aires,AR,-34.61,-58.37,2018,5,16.76,6.23
Buenos Aires,AR,-34.61,-58.37,2018,6,10.97,0.32
Buenos Aires,AR,-34.61,-58.37,2018,7,10.56,3.77
Buenos Aires,AR,-34.61,-58.37,2018,8,11.52,1.84
Buenos Aires,AR,-34.61,-58.37,2018,9,16.36,3.64
Buenos Aires,AR,-34.61,-58.37,2018,10,17.51,0.94
Buenos Aires,AR,-34.61,-58.37,2018,11,20.84,4.55
Buenos Aires,AR,-34.61,-58.37,2018,12,22.19,7.46
Buenos Aires,AR,-34.61,-58.37,2018,13,18.32,3.59
Buenos Aires,AR,-34.61,-58.37,2019,1,24.74,3.47
Buenos Aires,AR,-34.61,-58.37,2019,2,24.17,2.82
Buenos Aires,AR,-34.61,-58.37,2019,3,21.04,3.51
Buenos Aires,AR,-34.61,-58.37,2019,4,19.25,1.06
Buenos Aires,AR,-34.61,-58.37,2019,5,16.04,2.89
Buenos Aires,AR,-34.61,-58.37,2019,6,14.32,5.3
Buenos Aires,AR,-34.61,-58.37,2019,7,11.21,2.77
Buenos Aires,AR,-34.61,-58.37,2019,8,11.81,1.27
Buenos Aires,AR,-34.61,-58.37,2019,9,14.09,1.2
Buenos Aires,AR,-34.61,-58.37,2019,10,17.18,5.76
Buenos Aires,AR,-34.61,-58.37,2019,11,21.96,1.93
Buenos Aires,AR,-34.61,-58.37,2019,12,23.08,3.37
Buenos Aires,AR,-34.61,-58.37,2019,13,18.2,2.95
Buenos Aires,AR,-34.61,-58.37,2020,1,24.53,2.38
Buenos Aires,AR,-34.61,-58.37,2020,2,24.25,1.96
Buenos Aires,AR,-34.61,-58.37,2020,3,23.84,3.47
Buenos Aires,AR,-34.61,-58.37,2020,4,18.36,2.93
Buenos Aires,AR,-34.61,-58.37,2020,5,15.07,0.37
Buenos Aires,AR,-34.61,-58.37,2020,6,12.76,3.18
Buenos Aires,AR,-34.61,-58.37,2020,7,10.39,0.33
Buenos Aires,AR,-34.61,-58.37,2020,8,13.19,1.03
Buenos Aires,AR,-34.61,-58.37,2020,9,14.02,2.84
Buenos Aires,AR,-34.61,-58.37,2020,10,17.01,3.4
Buenos Aires,AR,-34.61,-58.37,2020,11,21.08,1.72
Buenos Aires,AR,-34.61,-58.37,2020,12,23.06,1.29
Buenos Aires,AR,-34.61,-58.37,2020,13,18.11,2.07
Buenos Aires,AR,-34.61,-58.37,2021,1,24.85,3.63
Buenos Aires,AR,-34.61,-58.37,2021,2,23.63,3.9
Buenos Aires,AR,-34.61,-58.37,2021,3,22.18,2.79
Buenos Aires,AR,-34.61,-58.37,2021,4,20.59,2.29
Buenos Aires,AR,-34.61,-58.37,2021,5,14.51,2.48
Buenos Aires,AR,-34.61,-58.37,2021,6,11.71,1.01
Buenos Aires,AR,-34.61,-58.37,2021,7,11.21,1.52
Buenos Aires,AR,-34.61,-58.37,2021,8,12.29,1.46
Buenos Aires,AR,-34.61,-58.37,2021,9,15.13,4.16
Buenos Aires,AR,-34.61,-58.37,2021,10,18.03,0.97
Buenos Aires,AR,-34.61,-58.37,2021,11,21.24,3.6
Buenos Aires,AR,-34.61,-58.37,2021,12,24.02,0.75
Buenos Aires,AR,-34.61,-58.37,2021,13,18.25,2.36
Buenos Aires,AR,-34.61,-58.37,2022,1,25.96,4.62
Buenos Aires,AR,-34.61,-58.37,2022,2,22.72,4.13
Buenos Aires,AR,-34.61,-58.37,2022,3,20.7,2.43
Buenos Aires,AR,-34.61,-58.37,2022,4,18.17,2.14
Buenos Aires,AR,-34.61,-58.37,2022,5,14.05,1.09
Buenos Aires,AR,-34.61,-58.37,2022,6,10.46,0.02
Buenos Aires,AR,-34.61,-58.37,2022,7,11.9,1.38
Buenos Aires,AR,-34.61,-58.37,2022,8,12.85,0.78
Buenos Aires,AR,-34.61,-58.37,2022,9,15.02,0.59
Buenos Aires,AR,-34.61,-58.37,2022,10,17.19,0.4
Buenos Aires,AR,-34.61,-58.37,2022,11,22.59,0.61
Buenos Aires,AR,-34.61,-58.37,2022,12,24.77,1.46
Buenos Aires,AR,-34.61,-58.37,2022,13,18.01,1.63
Buenos Aires,AR,-34.61,-58.37,2023,1,26.36,0.96
Buenos Aires,AR,-34.61,-58.37,2023,2,25.52,0.6
Buenos Aires,AR,-34.61,-58.37,2023,3,26.22,0.65
Buenos Aires,AR,-34.61,-58.37,2023,4,19.12,0.96
Buenos Aires,AR,-34.61,-58.37,2023,5,16.84,3.21
Buenos Aires,AR,-34.61,-58.37,2023,6,13.45,0.01
Buenos Aires,AR,-34.61,-58.37,2023,7,12.39,1.11
Buenos Aires,AR,-34.61,-58.37,2023,8,13.22,3.02
Buenos Aires,AR,-34.61,-58.37,2023,9,14.39,1.21
Buenos Aires,AR,-34.61,-58.37,2023,10,17.87,1.2
Buenos Aires,AR,-34.61,-58.37,2023,11,21.15,3.23
Buenos Aires,AR,-34.61,-58.37,2023,12,23.08,3.7
Buenos Aires,AR,-34.61,-58.37,2023,13,19.1,1.67
Buenos Aires,AR,-34.61,-58.37,2024,1,25.38,1.28
Buenos Aires,AR,-34.61,-58.37,2024,2,25.94,4.03
Buenos Aires,AR,-34.61,-58.37,2024,3,23.14,8.98
Buenos Aires,AR,-34.61,-58.37,2024,4,19.0,4.5
Buenos Aires,AR,-34.61,-58.37,2024,5,13.31,0.27
Buenos Aires,AR,-34.61,-58.37,2024,6,13.54,1.11
Buenos Aires,AR,-34.61,-58.37,2024,7,10.33,0.14
Buenos Aires,AR,-34.61,-58.37,2024,8,11.87,3.02
Buenos Aires,AR,-34.61,-58.37,2024,9,15.89,0.5
Buenos Aires,AR,-34.61,-58.37,2024,10,19.83,1.71
Buenos Aires,AR,-34.61,-58.37,2024,11,21.99,3.53
Buenos Aires,AR,-34.61,-58.37,2024,12,22.14,1.25
Buenos Aires,AR,-34.61,-58.37,2024,13,18.5,2.52
Rosario,AR,-32.94,-60.65,1981,1,24.54,7.93
Rosario,AR,-32.94,-60.65,1981,2,23.96,3.87
Rosario,AR,-32.94,-60.65,1981,3,22.54,2.1
Rosario,AR,-32.94,-60.65,1981,4,18.84,4.81
Rosario,AR,-32.94,-60.65,1981,5,17.39,4.93
Rosario,AR,-32.94,-60.65,1981,6,9.33,0.57
Rosario,AR,-32.94,-60.65,1981,7,10.5,1.62
Rosario,AR,-32.94,-60.65,1981,8,13.84,0.18
Rosario,AR,-32.94,-60.65,1981,9,14.0,0.65
Rosario,AR,-32.94,-60.65,1981,10,18.24,2.14
Rosario,AR,-32.94,-60.65,1981,11,21.36,4.87
Rosario,AR,-32.94,-60.65,1981,12,24.29,2.78
Rosario,AR,-32.94,-60.65,1981,13,18.21,3.03
Rosario,AR,-32.94,-60.65,1982,1,25.35,4.19
Rosario,AR,-32.94,-60.65,1982,2,23.12,5.56
Rosario,AR,-32.94,-60.65,1982,3,22.73,2.54
Rosario,AR,-32.94,-60.65,1982,4,19.26,2.82
Rosario,AR,-32.94,-60.65,1982,5,15.1,1.3
Rosario,AR,-32.94,-60.65,1982,6,11.09,0.94
Rosario,AR,-32.94,-60.65,1982,7,11.25,0.53
Rosario,AR,-32.94,-60.65,1982,8,13.32,0.24
Rosario,AR,-32.94,-60.65,1982,9,16.11,4.63
Rosario,AR,-32.94,-60.65,1982,10,18.12,2.87
Rosario,AR,-32.94,-60.65,1982,11,20.86,2.63
Rosario,AR,-32.94,-60.65,1982,12,26.04,1.47
Rosario,AR,-32.94,-60.65,1982,13,18.51,2.45
Rosario,AR,-32.94,-60.65,1983,1,27.54,2.16
Rosario,AR,-32.94,-60.65,1983,2,24.73,4.24
Rosario,AR,-32.94,-60.65,1983,3,21.96,2.25
Rosario,AR,-32.94,-60.65,1983,4,18.31,1.31
Rosario,AR,-32.94,-60.65,1983,5,13.85,2.39
Rosario,AR,-32.94,-60.65,1983,6,8.49,0.61
Rosario,AR,-32.94,-60.65,1983,7,8.69,0.09
Rosario,AR,-32.94,-60.65,1983,8,11.7,1.63
Rosario,AR,-32.94,-60.65,1983,9,13.33,1.11
Rosario,AR,-32.94,-60.65,1983,10,19.56,4.52
Rosario,AR,-32.94,-60.65,1983,11,21.62,3.94
Rosario,AR,-32.94,-60.65,1983,12,26.09,3.24
Rosario,AR,-32.94,-60.65,1983,13,17.96,2.28
Rosario,AR,-32.94,-60.65,1984,1,26.37,3.41
Rosario,AR,-32.94,-60.65,1984,2,24.23,14.59
Rosario,AR,-32.94,-60.65,1984,3,20.79,3.67
Rosario,AR,-32.94,-60.65,1984,4,16.39,1.51
Rosario,AR,-32.94,-60.65,1984,5,13.64,0.95
Rosario,AR,-32.94,-60.65,1984,6,8.56,0.58
Rosario,AR,-32.94,-60.65,1984,7,9.44,0.36
Rosario,AR,-32.94,-60.65,1984,8,10.36,0.6
Rosario,AR,-32.94,-60.65,1984,9,14.99,3.11
Rosario,AR,-32.94,-60.65,1984,10,19.56,4.72
Rosario,AR,-32.94,-60.65,1984,11,21.22,2.99
Rosario,AR,-32.94,-60.65,1984,12,22.1,2.99
Rosario,AR,-32.94,-60.65,1984,13,17.29,3.24
Rosario,AR,-32.94,-60.65,1985,1,26.88,1.03
Rosario,AR,-32.94,-60.65,1985,2,25.1,2.99
Rosario,AR,-32.94,-60.65,1985,3,22.89,2.08
Rosario,AR,-32.94,-60.65,1985,4,17.44,3.93
Rosario,AR,-32.94,-60.65,1985,5,15.72,1.17
Rosario,AR,-32.94,-60.65,1985,6,12.56,0.78
Rosario,AR,-32.94,-60.65,1985,7,11.32,2.21
Rosario,AR,-32.94,-60.65,1985,8,12.51,1.53
Rosario,AR,-32.94,-60.65,1985,9,14.78,3.12
Rosario,AR,-32.94,-60.65,1985,10,18.23,5.03
Rosario,AR,-32.94,-60.65,1985,11,22.67,2.61
Rosario,AR,-32.94,-60.65,1985,12,24.5,4.08
Rosario,AR,-32.94,-60.65,1985,13,18.68,2.54
Rosario,AR,-32.94,-60.65,1986,1,26.1,7.12
Rosario,AR,-32.94,-60.65,1986,2,23.75,2.21
Rosario,AR,-32.94,-60.65,1986,3,21.1,1.96
Rosario,AR,-32.94,-60.65,1986,4,19.01,5.69
Rosario,AR,-32.94,-60.65,1986,5,14.35,1.13
Rosario,AR,-32.94,-60.65,1986,6,13.31,1.6
Rosario,AR,-32.94,-60.65,1986,7,11.83,0.11
Rosario,AR,-32.94,-60.65,1986,8,13.06,1.3
Rosario,AR,-32.94,-60.65,1986,9,15.65,1.9
Rosario,AR,-32.94,-60.65,1986,10,19.05,2.97
Rosario,AR,-32.94,-60.65,1986,11,21.33,5.75
Rosario,AR,-32.94,-60.65,1986,12,24.91,2.97
Rosario,AR,-32.94,-60.65,1986,13,18.59,2.89
Rosario,AR,-32.94,-60.65,1987,1,27.19,2.5
Rosario,AR,-32.94,-60.65,1987,2,25.7,4.99
Rosario,AR,-32.94,-60.65,1987,3,22.63,7.01
Rosario,AR,-32.94,-60.65,1987,4,18.2,2.84
Rosario,AR,-32.94,-60.65,1987,5,11.03,2.4
Rosario,AR,-32.94,-60.65,1987,6,10.69,0.26
Rosario,AR,-32.94,-60.65,1987,7,12.97,1.99
Rosario,AR,-32.94,-60.65,1987,8,11.18,0.78
Rosario,AR,-32.94,-60.65,1987,9,13.9,0.54
Rosario,AR,-32.94,-60.65,1987,10,18.74,3.28
Rosario,AR,-32.94,-60.65,1987,11,21.73,3.76
Rosario,AR,-32.94,-60.65,1987,12,22.96,4.54
Rosario,AR,-32.94,-60.65,1987,13,18.04,2.9
Rosario,AR,-32.94,-60.65,1988,1,25.29,4.01
Rosario,AR,-32.94,-60.65,1988,2,24.71,2.2
Rosario,AR,-32.94,-60.65,1988,3,23.8,9.54
Rosario,AR,-32.94,-60.65,1988,4,16.27,1.31
Rosario,AR,-32.94,-60.65,1988,5,11.09,0.11
Rosario,AR,-32.94,-60.65,1988,6,9.47,0.2
Rosario,AR,-32.94,-60.65,1988,7,8.56,1.2
Rosario,AR,-32.94,-60.65,1988,8,12.69,0.38
Rosario,AR,-32.94,-60.65,1988,9,14.36,2.02
Rosario,AR,-32.94,-60.65,1988,10,17.91,2.09
Rosario,AR,-32.94,-60.65,1988,11,23.68,1.46
Rosario,AR,-32.94,-60.65,1988,12,26.42,2.76
Rosario,AR,-32.94,-60.65,1988,13,17.84,2.28
Rosario,AR,-32.94,-60.65,1989,1,28.34,2.46
Rosario,AR,-32.94,-60.65,1989,2,27.16,2.41
Rosario,AR,-32.94,-60.65,1989,3,21.71,4.64
Rosario,AR,-32.94,-60.65,1989,4,18.75,2.9
Rosario,AR,-32.94,-60.65,1989,5,14.38,1.64
Rosario,AR,-32.94,-60.65,1989,6,12.99,1.15
Rosario,AR,-32.94,-60.65,1989,7,10.21,0.79
Rosario,AR,-32.94,-60.65,1989,8,13.82,1.94
Rosario,AR,-32.94,-60.65,1989,9,14.34,0.51
Rosario,AR,-32.94,-60.65,1989,10,18.71,2.65
Rosario,AR,-32.94,-60.65,1989,11,21.89,3.33
Rosario,AR,-32.94,-60.65,1989,12,26.44,5.78
Rosario,AR,-32.94,-60.65,1989,13,19.02,2.52
Rosario,AR,-32.94,-60.65,1990,1,27.44,5.69
Rosario,AR,-32.94,-60.65,1990,2,23.63,3.68
Rosario,AR,-32.94,-60.65,1990,3,20.57,5.81
Rosario,AR,-32.94,-60.65,1990,4,17.69,4.45
Rosario,AR,-32.94,-60.65,1990,5,12.85,1.96
Rosario,AR,-32.94,-60.65,1990,6,9.56,0.07
Rosario,AR,-32.94,-60.65,1990,7,9.32,1.11
Rosario,AR,-32.94,-60.65,1990,8,15.01,0.5
Rosario,AR,-32.94,-60.65,1990,9,14.2,0.9
Rosario,AR,-32.94,-60.65,1990,10,19.76,6.14
Rosario,AR,-32.94,-60.65,1990,11,22.36,6.65
Rosario,AR,-32.94,-60.65,1990,12,22.76,6.1
Rosario,AR,-32.94,-60.65,1990,13,17.9,3.59
Rosario,AR,-32.94,-60.65,1991,1,24.88,4.49
Rosario,AR,-32.94,-60.65,1991,2,25.3,1.62
Rosario,AR,-32.94,-60.65,1991,3,24.54,2.51
Rosario,AR,-32.94,-60.65,1991,4,18.63,7.76
Rosario,AR,-32.94,-60.65,1991,5,16.2,2.83
Rosario,AR,-32.94,-60.65,1991,6,11.18,2.7
Rosario,AR,-32.94,-60.65,1991,7,9.48,1.44
Rosario,AR,-32.94,-60.65,1991,8,12.79,1.76
Rosario,AR,-32.94,-60.65,1991,9,15.71,1.41
Rosario,AR,-32.94,-60.65,1991,10,17.18,2.83
Rosario,AR,-32.94,-60.65,1991,11,20.66,2.55
Rosario,AR,-32.94,-60.65,1991,12,23.04,10.04
Rosario,AR,-32.94,-60.65,1991,13,18.26,3.51
Rosario,AR,-32.94,-60.65,1992,1,24.99,2.46
Rosario,AR,-32.94,-60.65,1992,2,24.71,3.22
Rosario,AR,-32.94,-60.65,1992,3,23.29,3.18
Rosario,AR,-32.94,-60.65,1992,4,17.11,2.38
Rosario,AR,-32.94,-60.65,1992,5,13.71,1.07
Rosario,AR,-32.94,-60.65,1992,6,13.36,3.06
Rosario,AR,-32.94,-60.65,1992,7,7.61,0.57
Rosario,AR,-32.94,-60.65,1992,8,11.87,1.73
Rosario,AR,-32.94,-60.65,1992,9,14.28,1.84
Rosario,AR,-32.94,-60.65,1992,10,18.33,2.43
Rosario,AR,-32.94,-60.65,1992,11,19.86,4.96
Rosario,AR,-32.94,-60.65,1992,12,23.51,4.9
Rosario,AR,-32.94,-60.65,1992,13,17.7,2.64
Rosario,AR,-32.94,-60.65,1993,1,26.45,5.41
Rosario,AR,-32.94,-60.65,1993,2,23.8,1.49
Rosario,AR,-32.94,-60.65,1993,3,23.96,2.13
Rosario,AR,-32.94,-60.65,1993,4,18.33,8.72
Rosario,AR,-32.94,-60.65,1993,5,13.1,2.98
Rosario,AR,-32.94,-60.65,1993,6,10.08,2.37
Rosario,AR,-32.94,-60.65,1993,7,8.6,0.32
Rosario,AR,-32.94,-60.65,1993,8,11.44,0.7
Rosario,AR,-32.94,-60.65,1993,9,13.44,1.39
Rosario,AR,-32.94,-60.65,1993,10,18.52,6.53
Rosario,AR,-32.94,-60.65,1993,11,20.11,4.05
Rosario,AR,-32.94,-60.65,1993,12,23.4,6.02
Rosario,AR,-32.94,-60.65,1993,13,17.57,3.52
Rosario,AR,-32.94,-60.65,1994,1,25.06,2.64
Rosario,AR,-32.94,-60.65,1994,2,24.38,2.45
Rosario,AR,-32.94,-60.65,1994,3,22.23,3.45
Rosario,AR,-32.94,-60.65,1994,4,17.29,5.9
Rosario,AR,-32.94,-60.65,1994,5,15.63,2.05
Rosario,AR,-32.94,-60.65,1994,6,12.4,1.08
Rosario,AR,-32.94,-60.65,1994,7,10.22,0.42
Rosario,AR,-32.94,-60.65,1994,8,11.77,0.64
Rosario,AR,-32.94,-60.65,1994,9,16.42,0.29
Rosario,AR,-32.94,-60.65,1994,10,18.4,4.0
Rosario,AR,-32.94,-60.65,1994,11,22.06,2.65
Rosario,AR,-32.94,-60.65,1994,12,27.16,3.2
Rosario,AR,-32.94,-60.65,1994,13,18.55,2.4
Rosario,AR,-32.94,-60.65,1995,1,24.75,5.95
Rosario,AR,-32.94,-60.65,1995,2,23.52,3.02
Rosario,AR,-32.94,-60.65,1995,3,22.22,4.9
Rosario,AR,-32.94,-60.65,1995,4,17.68,3.38
Rosario,AR,-32.94,-60.65,1995,5,13.74,0.82
Rosario,AR,-32.94,-60.65,1995,6,10.55,0.29
Rosario,AR,-32.94,-60.65,1995,7,9.26,0.24
Rosario,AR,-32.94,-60.65,1995,8,11.53,0.01
Rosario,AR,-32.94,-60.65,1995,9,15.62,0.8
Rosario,AR,-32.94,-60.65,1995,10,17.76,3.58
Rosario,AR,-32.94,-60.65,1995,11,22.63,4.16
Rosario,AR,-32.94,-60.65,1995,12,27.03,1.23
Rosario,AR,-32.94,-60.65,1995,13,17.99,2.36
Rosario,AR,-32.94,-60.65,1996,1,25.85,3.22
Rosario,AR,-32.94,-60.65,1996,2,24.29,5.49
Rosario,AR,-32.94,-60.65,1996,3,23.26,5.21
Rosario,AR,-32.94,-60.65,1996,4,18.02,4.38
Rosario,AR,-32.94,-60.65,1996,5,14.18,1.46
Rosario,AR,-32.94,-60.65,1996,6,9.07,0.34
Rosario,AR,-32.94,-60.65,1996,7,8.41,0.08
Rosario,AR,-32.94,-60.65,1996,8,14.25,0.42
Rosario,AR,-32.94,-60.65,1996,9,14.38,1.03
Rosario,AR,-32.94,-60.65,1996,10,19.37,3.99
Rosario,AR,-32.94,-60.65,1996,11,22.42,3.94
Rosario,AR,-32.94,-60.65,1996,12,25.03,3.12
Rosario,AR,-32.94,-60.65,1996,13,18.2,2.71
Rosario,AR,-32.94,-60.65,1997,1,27.84,3.56
Rosario,AR,-32.94,-60.65,1997,2,23.78,3.33
Rosario,AR,-32.94,-60.65,1997,3,23.37,1.02
Rosario,AR,-32.94,-60.65,1997,4,19.46,2.4
Rosario,AR,-32.94,-60.65,1997,5,16.04,1.25
Rosario,AR,-32.94,-60.65,1997,6,11.03,1.58
Rosario,AR,-32.94,-60.65,1997,7,12.26,0.54
Rosario,AR,-32.94,-60.65,1997,8,13.4,1.18
Rosario,AR,-32.94,-60.65,1997,9,16.16,0.83
Rosario,AR,-32.94,-60.65,1997,10,18.9,3.22
Rosario,AR,-32.94,-60.65,1997,11,21.45,4.76
Rosario,AR,-32.94,-60.65,1997,12,23.12,6.25
Rosario,AR,-32.94,-60.65,1997,13,18.88,2.49
Rosario,AR,-32.94,-60.65,1998,1,23.71,5.14
Rosario,AR,-32.94,-60.65,1998,2,22.16,4.95
Rosario,AR,-32.94,-60.65,1998,3,19.86,4.65
Rosario,AR,-32.94,-60.65,1998,4,17.17,1.6
Rosario,AR,-32.94,-60.65,1998,5,15.3,2.48
Rosario,AR,-32.94,-60.65,1998,6,10.91,0.4
Rosario,AR,-32.94,-60.65,1998,7,12.33,0.91
Rosario,AR,-32.94,-60.65,1998,8,12.28,0.32
Rosario,AR,-32.94,-60.65,1998,9,14.09,0.61
Rosario,AR,-32.94,-60.65,1998,10,20.06,2.0
Rosario,AR,-32.94,-60.65,1998,11,21.89,5.53
Rosario,AR,-32.94,-60.65,1998,12,23.67,4.03
Rosario,AR,-32.94,-60.65,1998,13,17.77,2.71
Rosario,AR,-32.94,-60.65,1999,1,24.33,3.19
Rosario,AR,-32.94,-60.65,1999,2,24.87,3.46
Rosario,AR,-32.94,-60.65,1999,3,23.2,7.01
Rosario,AR,-32.94,-60.65,1999,4,16.16,3.72
Rosario,AR,-32.94,-60.65,1999,5,13.3,1.21
Rosario,AR,-32.94,-60.65,1999,6,9.99,1.93
Rosario,AR,-32.94,-60.65,1999,7,9.26,0.62
Rosario,AR,-32.94,-60.65,1999,8,12.13,0.67
Rosario,AR,-32.94,-60.65,1999,9,16.16,1.77
Rosario,AR,-32.94,-60.65,1999,10,19.08,1.61
Rosario,AR,-32.94,-60.65,1999,11,22.18,1.37
Rosario,AR,-32.94,-60.65,1999,12,24.64,3.06
Rosario,AR,-32.94,-60.65,1999,13,17.9,2.46
Rosario,AR,-32.94,-60.65,2000,1,27.68,1.89
Rosario,AR,-32.94,-60.65,2000,2,24.85,7.37
Rosario,AR,-32.94,-60.65,2000,3,20.93,3.01
Rosario,AR,-32.94,-60.65,2000,4,17.94,9.97
Rosario,AR,-32.94,-60.65,2000,5,13.51,6.14
Rosario,AR,-32.94,-60.65,2000,6,11.3,0.94
Rosario,AR,-32.94,-60.65,2000,7,7.11,0.62
Rosario,AR,-32.94,-60.65,2000,8,11.34,3.28
Rosario,AR,-32.94,-60.65,2000,9,13.67,2.4
Rosario,AR,-32.94,-60.65,2000,10,17.67,6.09
Rosario,AR,-32.94,-60.65,2000,11,18.72,6.58
Rosario,AR,-32.94,-60.65,2000,12,22.82,2.6
Rosario,AR,-32.94,-60.65,2000,13,17.27,4.22
Rosario,AR,-32.94,-60.65,2001,1,24.99,6.8
Rosario,AR,-32.94,-60.65,2001,2,25.62,4.09
Rosario,AR,-32.94,-60.65,2001,3,22.39,8.38
Rosario,AR,-32.94,-60.65,2001,4,17.4,2.39
Rosario,AR,-32.94,-60.65,2001,5,13.22,0.7
Rosario,AR,-32.94,-60.65,2001,6,11.82,0.96
Rosario,AR,-32.94,-60.65,2001,7,10.24,0.2
Rosario,AR,-32.94,-60.65,2001,8,14.54,3.75
Rosario,AR,-32.94,-60.65,2001,9,14.45,3.87
Rosario,AR,-32.94,-60.65,2001,10,18.18,6.92
Rosario,AR,-32.94,-60.65,2001,11,19.78,4.28
Rosario,AR,-32.94,-60.65,2001,12,23.59,2.76
Rosario,AR,-32.94,-60.65,2001,13,17.98,3.77
Rosario,AR,-32.94,-60.65,2002,1,25.55,2.5
Rosario,AR,-32.94,-60.65,2002,2,23.95,2.14
Rosario,AR,-32.94,-60.65,2002,3,22.61,8.82
Rosario,AR,-32.94,-60.65,2002,4,16.39,3.77
Rosario,AR,-32.94,-60.65,2002,5,15.14,2.18
Rosario,AR,-32.94,-60.65,2002,6,8.82,0.17
Rosario,AR,-32.94,-60.65,2002,7,9.47,1.11
Rosario,AR,-32.94,-60.65,2002,8,12.77,3.07
Rosario,AR,-32.94,-60.65,2002,9,14.48,1.84
Rosario,AR,-32.94,-60.65,2002,10,18.77,7.36
Rosario,AR,-32.94,-60.65,2002,11,21.13,4.84
Rosario,AR,-32.94,-60.65,2002,12,22.72,5.83
Rosario,AR,-32.94,-60.65,2002,13,17.63,3.66
Rosario,AR,-32.94,-60.65,2003,1,26.38,1.37
Rosario,AR,-32.94,-60.65,2003,2,23.8,4.57
Rosario,AR,-32.94,-60.65,2003,3,21.82,4.89
Rosario,AR,-32.94,-60.65,2003,4,16.39,4.95
Rosario,AR,-32.94,-60.65,2003,5,13.53,1.75
Rosario,AR,-32.94,-60.65,2003,6,12.07,0.16
Rosario,AR,-32.94,-60.65,2003,7,9.39,2.03
Rosario,AR,-32.94,-60.65,2003,8,10.32,1.16
Rosario,AR,-32.94,-60.65,2003,9,14.29,1.0
Rosario,AR,-32.94,-60.65,2003,10,19.4,1.68
Rosario,AR,-32.94,-60.65,2003,11,22.23,2.88
Rosario,AR,-32.94,-60.65,2003,12,22.58,4.94
Rosario,AR,-32.94,-60.65,2003,13,17.65,2.6
Rosario,AR,-32.94,-60.65,2004,1,27.52,2.81
Rosario,AR,-32.94,-60.65,2004,2,23.97,1.66
Rosario,AR,-32.94,-60.65,2004,3,23.99,2.17
Rosario,AR,-32.94,-60.65,2004,4,18.55,6.25
Rosario,AR,-32.94,-60.65,2004,5,11.77,2.15
Rosario,AR,-32.94,-60.65,2004,6,11.74,0.84
Rosario,AR,-32.94,-60.65,2004,7,10.42,0.79
Rosario,AR,-32.94,-60.65,2004,8,12.59,0.63
Rosario,AR,-32.94,-60.65,2004,9,16.19,0.32
Rosario,AR,-32.94,-60.65,2004,10,18.48,3.24
Rosario,AR,-32.94,-60.65,2004,11,21.36,3.71
Rosario,AR,-32.94,-60.65,2004,12,23.8,5.06
Rosario,AR,-32.94,-60.65,2004,13,18.35,2.47
Rosario,AR,-32.94,-60.65,2005,1,26.15,4.87
Rosario,AR,-32.94,-60.65,2005,2,24.27,2.29
Rosario,AR,-32.94,-60.65,2005,3,20.83,9.39
Rosario,AR,-32.94,-60.65,2005,4,15.89,3.24
Rosario,AR,-32.94,-60.65,2005,5,13.74,0.32
Rosario,AR,-32.94,-60.65,2005,6,13.12,1.22
Rosario,AR,-32.94,-60.65,2005,7,11.04,1.21
Rosario,AR,-32.94,-60.65,2005,8,12.31,1.54
Rosario,AR,-32.94,-60.65,2005,9,13.8,1.42
Rosario,AR,-32.94,-60.65,2005,10,17.83,1.99
Rosario,AR,-32.94,-60.65,2005,11,22.74,2.62
Rosario,AR,-32.94,-60.65,2005,12,23.69,1.75
Rosario,AR,-32.94,-60.65,2005,13,17.92,2.66
Rosario,AR,-32.94,-60.65,2006,1,26.84,4.06
Rosario,AR,-32.94,-60.65,2006,2,24.86,4.7
Rosario,AR,-32.94,-60.65,2006,3,20.84,3.16
Rosario,AR,-32.94,-60.65,2006,4,18.2,7.02
Rosario,AR,-32.94,-60.65,2006,5,12.74,0.09
Rosario,AR,-32.94,-60.65,2006,6,11.83,2.16
Rosario,AR,-32.94,-60.65,2006,7,13.1,0.25
Rosario,AR,-32.94,-60.65,2006,8,11.16,0.21
Rosario,AR,-32.94,-60.65,2006,9,14.96,0.56
Rosario,AR,-32.94,-60.65,2006,10,20.58,4.64
Rosario,AR,-32.94,-60.65,2006,11,21.19,4.81
Rosario,AR,-32.94,-60.65,2006,12,24.98,8.62
Rosario,AR,-32.94,-60.65,2006,13,18.41,3.34
Rosario,AR,-32.94,-60.65,2007,1,24.75,2.82
Rosario,AR,-32.94,-60.65,2007,2,24.37,5.84
Rosario,AR,-32.94,-60.65,2007,3,21.05,14.92
Rosario,AR,-32.94,-60.65,2007,4,17.71,2.5
Rosario,AR,-32.94,-60.65,2007,5,11.01,1.41
Rosario,AR,-32.94,-60.65,2007,6,8.24,0.54
Rosario,AR,-32.94,-60.65,2007,7,7.06,0.04
Rosario,AR,-32.94,-60.65,2007,8,8.05,0.43
Rosario,AR,-32.94,-60.65,2007,9,15.94,2.96
Rosario,AR,-32.94,-60.65,2007,10,18.74,4.21
Rosario,AR,-32.94,-60.65,2007,11,19.92,0.94
Rosario,AR,-32.94,-60.65,2007,12,24.14,2.82
Rosario,AR,-32.94,-60.65,2007,13,16.7,3.28
Rosario,AR,-32.94,-60.65,2008,1,26.4,3.46
Rosario,AR,-32.94,-60.65,2008,2,25.07,3.4
Rosario,AR,-32.94,-60.65,2008,3,22.04,2.08
Rosario,AR,-32.94,-60.65,2008,4,18.06,1.06
Rosario,AR,-32.94,-60.65,2008,5,14.28,0.14
Rosario,AR,-32.94,-60.65,2008,6,9.58,0.18
Rosario,AR,-32.94,-60.65,2008,7,13.8,0.46
Rosario,AR,-32.94,-60.65,2008,8,12.54,0.09
Rosario,AR,-32.94,-60.65,2008,9,15.34,1.26
Rosario,AR,-32.94,-60.65,2008,10,19.06,2.04
Rosario,AR,-32.94,-60.65,2008,11,25.81,2.86
Rosario,AR,-32.94,-60.65,2008,12,25.8,1.06
Rosario,AR,-32.94,-60.65,2008,13,18.97,1.5
Rosario,AR,-32.94,-60.65,2009,1,25.7,4.64
Rosario,AR,-32.94,-60.65,2009,2,24.05,7.46
Rosario,AR,-32.94,-60.65,2009,3,23.68,4.47
Rosario,AR,-32.94,-60.65,2009,4,19.53,1.19
Rosario,AR,-32.94,-60.65,2009,5,15.85,0.61
Rosario,AR,-32.94,-60.65,2009,6,10.11,0.09
Rosario,AR,-32.94,-60.65,2009,7,9.13,1.56
Rosario,AR,-32.94,-60.65,2009,8,13.91,0.39
Rosario,AR,-32.94,-60.65,2009,9,13.15,3.65
Rosario,AR,-32.94,-60.65,2009,10,18.18,2.56
Rosario,AR,-32.94,-60.65,2009,11,22.95,4.86
Rosario,AR,-32.94,-60.65,2009,12,22.92,14.01
Rosario,AR,-32.94,-60.65,2009,13,18.24,3.78
Rosario,AR,-32.94,-60.65,2010,1,25.35,5.76
Rosario,AR,-32.94,-60.65,2010,2,23.61,11.88
Rosario,AR,-32.94,-60.65,2010,3,22.25,3.07
Rosario,AR,-32.94,-60.65,2010,4,15.93,2.88
Rosario,AR,-32.94,-60.65,2010,5,13.66,2.57
Rosario,AR,-32.94,-60.65,2010,6,10.44,0.35
Rosario,AR,-32.94,-60.65,2010,7,8.7,0.67
Rosario,AR,-32.94,-60.65,2010,8,10.58,0.09
Rosario,AR,-32.94,-60.65,2010,9,14.41,3.06
Rosario,AR,-32.94,-60.65,2010,10,16.84,1.54
Rosario,AR,-32.94,-60.65,2010,11,21.8,0.99
Rosario,AR,-32.94,-60.65,2010,12,25.33,3.59
Rosario,AR,-32.94,-60.65,2010,13,17.38,2.98
Rosario,AR,-32.94,-60.65,2011,1,26.47,4.88
Rosario,AR,-32.94,-60.65,2011,2,23.36,5.97
Rosario,AR,-32.94,-60.65,2011,3,21.29,3.82
Rosario,AR,-32.94,-60.65,2011,4,17.43,4.52
Rosario,AR,-32.94,-60.65,2011,5,13.19,2.4
Rosario,AR,-32.94,-60.65,2011,6,9.69,1.02
Rosario,AR,-32.94,-60.65,2011,7,8.73,0.49
Rosario,AR,-32.94,-60.65,2011,8,10.47,0.29
Rosario,AR,-32.94,-60.65,2011,9,15.62,0.43
Rosario,AR,-32.94,-60.65,2011,10,17.56,4.52
Rosario,AR,-32.94,-60.65,2011,11,23.4,3.12
Rosario,AR,-32.94,-60.65,2011,12,25.0,1.48
Rosario,AR,-32.94,-60.65,2011,13,17.65,2.72
Rosario,AR,-32.94,-60.65,2012,1,27.46,3.18
Rosario,AR,-32.94,-60.65,2012,2,25.01,6.7
Rosario,AR,-32.94,-60.65,2012,3,21.12,4.35
Rosario,AR,-32.94,-60.65,2012,4,17.83,1.0
Rosario,AR,-32.94,-60.65,2012,5,15.5,2.76
Rosario,AR,-32.94,-60.65,2012,6,10.03,0.15
Rosario,AR,-32.94,-60.65,2012,7,7.79,0.28
Rosario,AR,-32.94,-60.65,2012,8,12.48,4.66
Rosario,AR,-32.94,-60.65,2012,9,14.84,4.14
Rosario,AR,-32.94,-60.65,2012,10,18.33,10.17
Rosario,AR,-32.94,-60.65,2012,11,21.57,3.37
Rosario,AR,-32.94,-60.65,2012,12,23.06,9.04
Rosario,AR,-32.94,-60.65,2012,13,17.9,4.16
Rosario,AR,-32.94,-60.65,2013,1,24.77,1.82
Rosario,AR,-32.94,-60.65,2013,2,23.55,3.67
Rosario,AR,-32.94,-60.65,2013,3,19.64,2.87
Rosario,AR,-32.94,-60.65,2013,4,18.03,1.76
Rosario,AR,-32.94,-60.65,2013,5,13.33,3.66
Rosario,AR,-32.94,-60.65,2013,6,10.6,0.53
Rosario,AR,-32.94,-60.65,2013,7,10.52,0.72
Rosario,AR,-32.94,-60.65,2013,8,10.67,0.05
Rosario,AR,-32.94,-60.65,2013,9,14.56,1.13
Rosario,AR,-32.94,-60.65,2013,10,19.65,3.23
Rosario,AR,-32.94,-60.65,2013,11,21.23,6.84
Rosario,AR,-32.94,-60.65,2013,12,27.67,2.29
Rosario,AR,-32.94,-60.65,2013,13,17.82,2.37
Rosario,AR,-32.94,-60.65,2014,1,27.04,3.26
Rosario,AR,-32.94,-60.65,2014,2,23.1,8.53
Rosario,AR,-32.94,-60.65,2014,3,19.1,4.76
Rosario,AR,-32.94,-60.65,2014,4,17.17,4.02
Rosario,AR,-32.94,-60.65,2014,5,14.06,0.95
Rosario,AR,-32.94,-60.65,2014,6,10.18,0.75
Rosario,AR,-32.94,-60.65,2014,7,10.94,1.26
Rosario,AR,-32.94,-60.65,2014,8,13.64,0.02
Rosario,AR,-32.94,-60.65,2014,9,15.68,2.57
Rosario,AR,-32.94,-60.65,2014,10,20.39,3.19
Rosario,AR,-32.94,-60.65,2014,11,21.29,4.84
Rosario,AR,-32.94,-60.65,2014,12,23.5,3.71
Rosario,AR,-32.94,-60.65,2014,13,17.99,3.11
Rosario,AR,-32.94,-60.65,2015,1,24.74,6.6
Rosario,AR,-32.94,-60.65,2015,2,24.36,3.04
Rosario,AR,-32.94,-60.65,2015,3,22.28,3.89
Rosario,AR,-32.94,-60.65,2015,4,20.24,1.77
Rosario,AR,-32.94,-60.65,2015,5,15.91,2.67
Rosario,AR,-32.94,-60.65,2015,6,12.34,0.68
Rosario,AR,-32.94,-60.65,2015,7,11.0,1.62
Rosario,AR,-32.94,-60.65,2015,8,13.8,4.12
Rosario,AR,-32.94,-60.65,2015,9,14.11,1.12
Rosario,AR,-32.94,-60.65,2015,10,16.75,2.86
Rosario,AR,-32.94,-60.65,2015,11,20.31,3.6
Rosario,AR,-32.94,-60.65,2015,12,25.28,3.0
Rosario,AR,-32.94,-60.65,2015,13,18.4,2.93
Rosario,AR,-32.94,-60.65,2016,1,27.53,2.44
Rosario,AR,-32.94,-60.65,2016,2,25.74,10.91
Rosario,AR,-32.94,-60.65,2016,3,20.68,2.4
Rosario,AR,-32.94,-60.65,2016,4,16.99,7.84
Rosario,AR,-32.94,-60.65,2016,5,11.95,0.32
Rosario,AR,-32.94,-60.65,2016,6,8.63,1.86
Rosario,AR,-32.94,-60.65,2016,7,9.22,0.9
Rosario,AR,-32.94,-60.65,2016,8,12.35,0.91
Rosario,AR,-32.94,-60.65,2016,9,13.84,0.9
Rosario,AR,-32.94,-60.65,2016,10,17.55,5.21
Rosario,AR,-32.94,-60.65,2016,11,20.95,2.89
Rosario,AR,-32.94,-60.65,2016,12,25.39,5.04
Rosario,AR,-32.94,-60.65,2016,13,17.55,3.43
Rosario,AR,-32.94,-60.65,2017,1,25.18,6.02
Rosario,AR,-32.94,-60.65,2017,2,24.53,4.98
Rosario,AR,-32.94,-60.65,2017,3,21.46,4.16
Rosario,AR,-32.94,-60.65,2017,4,16.55,4.75
Rosario,AR,-32.94,-60.65,2017,5,14.58,1.84
Rosario,AR,-32.94,-60.65,2017,6,12.48,0.73
Rosario,AR,-32.94,-60.65,2017,7,11.98,1.26
Rosario,AR,-32.94,-60.65,2017,8,13.57,1.89
Rosario,AR,-32.94,-60.65,2017,9,14.94,4.27
Rosario,AR,-32.94,-60.65,2017,10,17.48,2.7
Rosario,AR,-32.94,-60.65,2017,11,21.27,2.31
Rosario,AR,-32.94,-60.65,2017,12,25.53,3.84
Rosario,AR,-32.94,-60.65,2017,13,18.27,3.22
Rosario,AR,-32.94,-60.65,2018,1,26.81,1.2
Rosario,AR,-32.94,-60.65,2018,2,26.84,0.42
Rosario,AR,-32.94,-60.65,2018,3,23.17,0.96
Rosario,AR,-32.94,-60.65,2018,4,21.62,6.52
Rosario,AR,-32.94,-60.65,2018,5,15.32,4.99
Rosario,AR,-32.94,-60.65,2018,6,9.36,0.2
Rosario,AR,-32.94,-60.65,2018,7,9.32,0.74
Rosario,AR,-32.94,-60.65,2018,8,10.26,0.93
Rosario,AR,-32.94,-60.65,2018,9,17.26,1.27
Rosario,AR,-32.94,-60.65,2018,10,18.28,3.69
Rosario,AR,-32.94,-60.65,2018,11,21.47,7.75
Rosario,AR,-32.94,-60.65,2018,12,23.06,5.73
Rosario,AR,-32.94,-60.65,2018,13,18.51,2.88
Rosario,AR,-32.94,-60.65,2019,1,24.69,7.66
Rosario,AR,-32.94,-60.65,2019,2,23.22,3.91
Rosario,AR,-32.94,-60.65,2019,3,20.2,3.56
Rosario,AR,-32.94,-60.65,2019,4,18.1,2.66
Rosario,AR,-32.94,-60.65,2019,5,14.22,1.8
Rosario,AR,-32.94,-60.65,2019,6,12.68,1.36
Rosario,AR,-32.94,-60.65,2019,7,10.13,1.07
Rosario,AR,-32.94,-60.65,2019,8,11.76,0.22
Rosario,AR,-32.94,-60.65,2019,9,14.57,1.09
Rosario,AR,-32.94,-60.65,2019,10,18.23,3.43
Rosario,AR,-32.94,-60.65,2019,11,23.45,2.85
Rosario,AR,-32.94,-60.65,2019,12,24.06,4.94
Rosario,AR,-32.94,-60.65,2019,13,17.91,2.88
Rosario,AR,-32.94,-60.65,2020,1,24.98,3.23
Rosario,AR,-32.94,-60.65,2020,2,24.6,2.36
Rosario,AR,-32.94,-60.65,2020,3,24.66,3.24
Rosario,AR,-32.94,-60.65,2020,4,18.05,3.98
Rosario,AR,-32.94,-60.65,2020,5,13.37,0.18
Rosario,AR,-32.94,-60.65,2020,6,11.38,0.58
Rosario,AR,-32.94,-60.65,2020,7,9.25,0.14
Rosario,AR,-32.94,-60.65,2020,8,13.61,0.31
Rosario,AR,-32.94,-60.65,2020,9,14.73,1.73
Rosario,AR,-32.94,-60.65,2020,10,18.47,3.91
Rosario,AR,-32.94,-60.65,2020,11,23.4,2.23
Rosario,AR,-32.94,-60.65,2020,12,24.38,2.25
Rosario,AR,-32.94,-60.65,2020,13,18.39,2.01
Rosario,AR,-32.94,-60.65,2021,1,26.09,5.5
Rosario,AR,-32.94,-60.65,2021,2,24.41,0.51
Rosario,AR,-32.94,-60.65,2021,3,22.65,4.62
Rosario,AR,-32.94,-60.65,2021,4,19.29,4.47
Rosario,AR,-32.94,-60.65,2021,5,12.49,1.68
Rosario,AR,-32.94,-60.65,2021,6,10.69,0.33
Rosario,AR,-32.94,-60.65,2021,7,10.15,1.28
Rosario,AR,-32.94,-60.65,2021,8,12.49,0.28
Rosario,AR,-32.94,-60.65,2021,9,16.19,2.27
Rosario,AR,-32.94,-60.65,2021,10,19.39,1.54
Rosario,AR,-32.94,-60.65,2021,11,22.73,4.42
Rosario,AR,-32.94,-60.65,2021,12,27.21,0.81
Rosario,AR,-32.94,-60.65,2021,13,18.62,2.32
Rosario,AR,-32.94,-60.65,2022,1,27.94,3.52
Rosario,AR,-32.94,-60.65,2022,2,24.56,2.85
Rosario,AR,-32.94,-60.65,2022,3,19.79,5.45
Rosario,AR,-32.94,-60.65,2022,4,17.01,3.24
Rosario,AR,-32.94,-60.65,2022,5,12.08,0.94
Rosario,AR,-32.94,-60.65,2022,6,8.7,0.1
Rosario,AR,-32.94,-60.65,2022,7,11.45,0.19
Rosario,AR,-32.94,-60.65,2022,8,12.33,0.42
Rosario,AR,-32.94,-60.65,2022,9,14.97,0.43
Rosario,AR,-32.94,-60.65,2022,10,18.63,1.59
Rosario,AR,-32.94,-60.65,2022,11,24.26,1.76
Rosario,AR,-32.94,-60.65,2022,12,27.45,1.25
Rosario,AR,-32.94,-60.65,2022,13,18.23,1.81
Rosario,AR,-32.94,-60.65,2023,1,28.67,2.97
Rosario,AR,-32.94,-60.65,2023,2,26.24,1.17
Rosario,AR,-32.94,-60.65,2023,3,27.19,3.54
Rosario,AR,-32.94,-60.65,2023,4,18.61,0.82
Rosario,AR,-32.94,-60.65,2023,5,15.5,5.27
Rosario,AR,-32.94,-60.65,2023,6,12.29,0.06
Rosario,AR,-32.94,-60.65,2023,7,11.88,0.94
Rosario,AR,-32.94,-60.65,2023,8,13.27,0.07
Rosario,AR,-32.94,-60.65,2023,9,15.21,2.98
Rosario,AR,-32.94,-60.65,2023,10,19.02,2.96
Rosario,AR,-32.94,-60.65,2023,11,21.81,3.28
Rosario,AR,-32.94,-60.65,2023,12,24.09,5.58
Rosario,AR,-32.94,-60.65,2023,13,19.45,2.49
Rosario,AR,-32.94,-60.65,2024,1,26.17,2.98
Rosario,AR,-32.94,-60.65,2024,2,27.14,4.73
Rosario,AR,-32.94,-60.65,2024,3,23.08,9.32
Rosario,AR,-32.94,-60.65,2024,4,17.93,4.96
Rosario,AR,-32.94,-60.65,2024,5,11.05,0.36
Rosario,AR,-32.94,-60.65,2024,6,13.33,0.06
Rosario,AR,-32.94,-60.65,2024,7,8.84,0.13
Rosario,AR,-32.94,-60.65,2024,8,11.1,1.22
Rosario,AR,-32.94,-60.65,2024,9,16.99,0.06
Rosario,AR,-32.94,-60.65,2024,10,20.91,4.55
Rosario,AR,-32.94,-60.65,2024,11,23.31,2.17
Rosario,AR,-32.94,-60.65,2024,12,23.46,3.89
Rosario,AR,-32.94,-60.65,2024,13,18.57,2.87
Santiago,CL,-33.45,-70.66,1981,1,20.37,0.77
Santiago,CL,-33.45,-70.66,1981,2,21.58,0.64
Santiago,CL,-33.45,-70.66,1981,3,20.17,0.46
Santiago,CL,-33.45,-70.66,1981,4,16.0,1.1
Santiago,CL,-33.45,-70.66,1981,5,12.57,4.0
Santiago,CL,-33.45,-70.66,1981,6,9.85,0.49
Santiago,CL,-33.45,-70.66,1981,7,9.88,0.45
Santiago,CL,-33.45,-70.66,1981,8,11.55,1.19
Santiago,CL,-33.45,-70.66,1981,9,12.1,0.47
Santiago,CL,-33.45,-70.66,1981,10,14.21,0.22
Santiago,CL,-33.45,-70.66,1981,11,17.44,0.13
Santiago,CL,-33.45,-70.66,1981,12,21.08,0.21
Santiago,CL,-33.45,-70.66,1981,13,15.54,0.85
Santiago,CL,-33.45,-70.66,1982,1,21.2,0.84
Santiago,CL,-33.45,-70.66,1982,2,20.26,0.28
Santiago,CL,-33.45,-70.66,1982,3,19.03,0.59
Santiago,CL,-33.45,-70.66,1982,4,16.98,0.12
Santiago,CL,-33.45,-70.66,1982,5,12.49,1.95
Santiago,CL,-33.45,-70.66,1982,6,8.19,2.87
Santiago,CL,-33.45,-70.66,1982,7,9.14,1.92
Santiago,CL,-33.45,-70.66,1982,8,11.26,1.23
Santiago,CL,-33.45,-70.66,1982,9,12.04,1.76
Santiago,CL,-33.45,-70.66,1982,10,14.19,0.16
Santiago,CL,-33.45,-70.66,1982,11,17.37,0.13
Santiago,CL,-33.45,-70.66,1982,12,22.2,0.14
Santiago,CL,-33.45,-70.66,1982,13,15.34,1.0
Santiago,CL,-33.45,-70.66,1983,1,21.37,1.03
Santiago,CL,-33.45,-70.66,1983,2,22.17,0.24
Santiago,CL,-33.45,-70.66,1983,3,19.91,0.22
Santiago,CL,-33.45,-70.66,1983,4,16.61,0.15
Santiago,CL,-33.45,-70.66,1983,5,10.87,1.25
Santiago,CL,-33.45,-70.66,1983,6,6.6,1.67
Santiago,CL,-33.45,-70.66,1983,7,7.38,1.21
Santiago,CL,-33.45,-70.66,1983,8,9.07,1.07
Santiago,CL,-33.45,-70.66,1983,9,9.66,0.6
Santiago,CL,-33.45,-70.66,1983,10,16.67,0.1
Santiago,CL,-33.45,-70.66,1983,11,19.82,0.29
Santiago,CL,-33.45,-70.66,1983,12,21.89,0.29
Santiago,CL,-33.45,-70.66,1983,13,15.13,0.68
Santiago,CL,-33.45,-70.66,1984,1,21.96,0.32
Santiago,CL,-33.45,-70.66,1984,2,20.68,0.29
Santiago,CL,-33.45,-70.66,1984,3,18.92,0.42
Santiago,CL,-33.45,-70.66,1984,4,16.09,0.16
Santiago,CL,-33.45,-70.66,1984,5,9.59,1.95
Santiago,CL,-33.45,-70.66,1984,6,6.85,1.15
Santiago,CL,-33.45,-70.66,1984,7,7.28,5.42
Santiago,CL,-33.45,-70.66,1984,8,8.58,1.24
Santiago,CL,-33.45,-70.66,1984,9,11.18,0.9
Santiago,CL,-33.45,-70.66,1984,10,15.05,0.53
Santiago,CL,-33.45,-70.66,1984,11,16.51,0.51
Santiago,CL,-33.45,-70.66,1984,12,20.36,0.61
Santiago,CL,-33.45,-70.66,1984,13,14.41,1.13
Santiago,CL,-33.45,-70.66,1985,1,20.58,0.34
Santiago,CL,-33.45,-70.66,1985,2,21.51,0.08
Santiago,CL,-33.45,-70.66,1985,3,19.8,0.61
Santiago,CL,-33.45,-70.66,1985,4,15.2,0.28
Santiago,CL,-33.45,-70.66,1985,5,13.07,1.46
Santiago,CL,-33.45,-70.66,1985,6,12.89,0.45
Santiago,CL,-33.45,-70.66,1985,7,8.6,2.1
Santiago,CL,-33.45,-70.66,1985,8,10.29,0.25
Santiago,CL,-33.45,-70.66,1985,9,13.02,0.48
Santiago,CL,-33.45,-70.66,1985,10,14.43,0.88
Santiago,CL,-33.45,-70.66,1985,11,18.94,0.26
Santiago,CL,-33.45,-70.66,1985,12,20.79,0.2
Santiago,CL,-33.45,-70.66,1985,13,15.72,0.62
Santiago,CL,-33.45,-70.66,1986,1,21.73,0.07
Santiago,CL,-33.45,-70.66,1986,2,21.02,0.15
Santiago,CL,-33.45,-70.66,1986,3,19.47,0.19
Santiago,CL,-33.45,-70.66,1986,4,15.97,1.2
Santiago,CL,-33.45,-70.66,1986,5,11.68,3.52
Santiago,CL,-33.45,-70.66,1986,6,8.97,3.69
Santiago,CL,-33.45,-70.66,1986,7,12.03,0.28
Santiago,CL,-33.45,-70.66,1986,8,10.08,1.69
Santiago,CL,-33.45,-70.66,1986,9,11.48,0.26
Santiago,CL,-33.45,-70.66,1986,10,15.7,0.33
Santiago,CL,-33.45,-70.66,1986,11,17.04,1.21
Santiago,CL,-33.45,-70.66,1986,12,22.25,0.21
Santiago,CL,-33.45,-70.66,1986,13,15.6,1.07
Santiago,CL,-33.45,-70.66,1987,1,22.63,0.25
Santiago,CL,-33.45,-70.66,1987,2,22.71,0.07
Santiago,CL,-33.45,-70.66,1987,3,19.68,0.47
Santiago,CL,-33.45,-70.66,1987,4,17.03,0.43
Santiago,CL,-33.45,-70.66,1987,5,9.83,1.45
Santiago,CL,-33.45,-70.66,1987,6,11.39,0.84
Santiago,CL,-33.45,-70.66,1987,7,6.26,9.92
Santiago,CL,-33.45,-70.66,1987,8,8.08,4.9
Santiago,CL,-33.45,-70.66,1987,9,10.76,0.87
Santiago,CL,-33.45,-70.66,1987,10,14.04,1.7
Santiago,CL,-33.45,-70.66,1987,11,18.76,0.34
Santiago,CL,-33.45,-70.66,1987,12,20.98,0.17
Santiago,CL,-33.45,-70.66,1987,13,15.12,1.81
Santiago,CL,-33.45,-70.66,1988,1,21.89,0.09
Santiago,CL,-33.45,-70.66,1988,2,22.02,0.35
Santiago,CL,-33.45,-70.66,1988,3,19.85,0.47
Santiago,CL,-33.45,-70.66,1988,4,16.96,0.16
Santiago,CL,-33.45,-70.66,1988,5,12.68,0.22
Santiago,CL,-33.45,-70.66,1988,6,9.98,0.79
Santiago,CL,-33.45,-70.66,1988,7,8.1,1.26
Santiago,CL,-33.45,-70.66,1988,8,8.67,1.68
Santiago,CL,-33.45,-70.66,1988,9,10.17,0.53
Santiago,CL,-33.45,-70.66,1988,10,15.0,0.06
Santiago,CL,-33.45,-70.66,1988,11,19.3,0.37
Santiago,CL,-33.45,-70.66,1988,12,20.65,0.25
Santiago,CL,-33.45,-70.66,1988,13,15.42,0.52
Santiago,CL,-33.45,-70.66,1989,1,22.48,0.17
Santiago,CL,-33.45,-70.66,1989,2,22.41,0.33
Santiago,CL,-33.45,-70.66,1989,3,18.63,0.06
Santiago,CL,-33.45,-70.66,1989,4,16.75,0.65
Santiago,CL,-33.45,-70.66,1989,5,12.69,0.66
Santiago,CL,-33.45,-70.66,1989,6,11.59,0.71
Santiago,CL,-33.45,-70.66,1989,7,8.89,2.44
Santiago,CL,-33.45,-70.66,1989,8,9.18,2.77
Santiago,CL,-33.45,-70.66,1989,9,10.89,0.52
Santiago,CL,-33.45,-70.66,1989,10,15.25,0.29
Santiago,CL,-33.45,-70.66,1989,11,19.12,0.16
Santiago,CL,-33.45,-70.66,1989,12,20.22,0.24
Santiago,CL,-33.45,-70.66,1989,13,15.63,0.76
Santiago,CL,-33.45,-70.66,1990,1,21.74,0.34
Santiago,CL,-33.45,-70.66,1990,2,20.63,0.52
Santiago,CL,-33.45,-70.66,1990,3,18.77,0.69
Santiago,CL,-33.45,-70.66,1990,4,15.05,0.36
Santiago,CL,-33.45,-70.66,1990,5,12.41,0.31
Santiago,CL,-33.45,-70.66,1990,6,12.39,0.25
Santiago,CL,-33.45,-70.66,1990,7,8.62,1.67
Santiago,CL,-33.45,-70.66,1990,8,12.19,1.55
Santiago,CL,-33.45,-70.66,1990,9,11.23,0.9
Santiago,CL,-33.45,-70.66,1990,10,13.91,0.76
Santiago,CL,-33.45,-70.66,1990,11,18.52,0.14
Santiago,CL,-33.45,-70.66,1990,12,20.68,0.15
Santiago,CL,-33.45,-70.66,1990,13,15.48,0.64
Santiago,CL,-33.45,-70.66,1991,1,20.98,0.37
Santiago,CL,-33.45,-70.66,1991,2,21.67,0.06
Santiago,CL,-33.45,-70.66,1991,3,20.04,0.06
Santiago,CL,-33.45,-70.66,1991,4,16.17,0.3
Santiago,CL,-33.45,-70.66,1991,5,13.53,2.52
Santiago,CL,-33.45,-70.66,1991,6,8.78,2.87
Santiago,CL,-33.45,-70.66,1991,7,7.57,2.7
Santiago,CL,-33.45,-70.66,1991,8,9.26,0.22
Santiago,CL,-33.45,-70.66,1991,9,12.53,1.46
Santiago,CL,-33.45,-70.66,1991,10,13.35,0.69
Santiago,CL,-33.45,-70.66,1991,11,17.4,0.18
Santiago,CL,-33.45,-70.66,1991,12,18.48,1.07
Santiago,CL,-33.45,-70.66,1991,13,14.94,1.05
Santiago,CL,-33.45,-70.66,1992,1,21.55,0.36
Santiago,CL,-33.45,-70.66,1992,2,20.16,0.13
Santiago,CL,-33.45,-70.66,1992,3,19.46,0.76
Santiago,CL,-33.45,-70.66,1992,4,14.1,0.88
Santiago,CL,-33.45,-70.66,1992,5,9.02,5.06
Santiago,CL,-33.45,-70.66,1992,6,7.06,5.97
Santiago,CL,-33.45,-70.66,1992,7,7.14,0.67
Santiago,CL,-33.45,-70.66,1992,8,9.69,2.1
Santiago,CL,-33.45,-70.66,1992,9,11.59,0.61
Santiago,CL,-33.45,-70.66,1992,10,14.84,0.03
Santiago,CL,-33.45,-70.66,1992,11,17.45,0.56
Santiago,CL,-33.45,-70.66,1992,12,20.02,0.41
Santiago,CL,-33.45,-70.66,1992,13,14.33,1.46
Santiago,CL,-33.45,-70.66,1993,1,22.38,0.29
Santiago,CL,-33.45,-70.66,1993,2,21.9,0.24
Santiago,CL,-33.45,-70.66,1993,3,20.34,0.13
Santiago,CL,-33.45,-70.66,1993,4,15.18,2.42
Santiago,CL,-33.45,-70.66,1993,5,8.58,2.99
Santiago,CL,-33.45,-70.66,1993,6,9.75,1.5
Santiago,CL,-33.45,-70.66,1993,7,7.27,1.65
Santiago,CL,-33.45,-70.66,1993,8,10.33,0.95
Santiago,CL,-33.45,-70.66,1993,9,10.8,0.33
Santiago,CL,-33.45,-70.66,1993,10,14.59,0.28
Santiago,CL,-33.45,-70.66,1993,11,17.52,0.17
Santiago,CL,-33.45,-70.66,1993,12,20.55,0.13
Santiago,CL,-33.45,-70.66,1993,13,14.89,0.93
Santiago,CL,-33.45,-70.66,1994,1,21.37,0.49
Santiago,CL,-33.45,-70.66,1994,2,20.69,0.13
Santiago,CL,-33.45,-70.66,1994,3,19.87,0.12
Santiago,CL,-33.45,-70.66,1994,4,16.36,0.94
Santiago,CL,-33.45,-70.66,1994,5,12.82,1.84
Santiago,CL,-33.45,-70.66,1994,6,10.04,1.7
Santiago,CL,-33.45,-70.66,1994,7,7.98,2.33
Santiago,CL,-33.45,-70.66,1994,8,10.0,0.49
Santiago,CL,-33.45,-70.66,1994,9,14.26,0.53
Santiago,CL,-33.45,-70.66,1994,10,14.08,0.35
Santiago,CL,-33.45,-70.66,1994,11,18.81,0.02
Santiago,CL,-33.45,-70.66,1994,12,21.68,0.36
Santiago,CL,-33.45,-70.66,1994,13,15.63,0.78
Santiago,CL,-33.45,-70.66,1995,1,21.8,0.06
Santiago,CL,-33.45,-70.66,1995,2,20.23,0.13
Santiago,CL,-33.45,-70.66,1995,3,19.36,0.06
Santiago,CL,-33.45,-70.66,1995,4,16.53,1.13
Santiago,CL,-33.45,-70.66,1995,5,14.76,0.26
Santiago,CL,-33.45,-70.66,1995,6,10.44,2.07
Santiago,CL,-33.45,-70.66,1995,7,6.03,2.28
Santiago,CL,-33.45,-70.66,1995,8,7.94,1.07
Santiago,CL,-33.45,-70.66,1995,9,12.17,0.6
Santiago,CL,-33.45,-70.66,1995,10,14.5,0.25
Santiago,CL,-33.45,-70.66,1995,11,18.42,0.16
Santiago,CL,-33.45,-70.66,1995,12,21.26,0.06
Santiago,CL,-33.45,-70.66,1995,13,15.26,0.68
Santiago,CL,-33.45,-70.66,1996,1,20.02,0.16
Santiago,CL,-33.45,-70.66,1996,2,20.65,0.04
Santiago,CL,-33.45,-70.66,1996,3,19.42,0.15
Santiago,CL,-33.45,-70.66,1996,4,13.97,1.3
Santiago,CL,-33.45,-70.66,1996,5,13.23,0.59
Santiago,CL,-33.45,-70.66,1996,6,9.16,1.17
Santiago,CL,-33.45,-70.66,1996,7,10.61,0.95
Santiago,CL,-33.45,-70.66,1996,8,9.59,1.55
Santiago,CL,-33.45,-70.66,1996,9,12.03,0.09
Santiago,CL,-33.45,-70.66,1996,10,15.04,0.19
Santiago,CL,-33.45,-70.66,1996,11,19.26,0.12
Santiago,CL,-33.45,-70.66,1996,12,19.93,0.22
Santiago,CL,-33.45,-70.66,1996,13,15.23,0.55
Santiago,CL,-33.45,-70.66,1997,1,21.5,0.35
Santiago,CL,-33.45,-70.66,1997,2,21.58,0.09
Santiago,CL,-33.45,-70.66,1997,3,19.8,0.45
Santiago,CL,-33.45,-70.66,1997,4,17.83,0.28
Santiago,CL,-33.45,-70.66,1997,5,13.33,3.26
Santiago,CL,-33.45,-70.66,1997,6,5.95,8.38
Santiago,CL,-33.45,-70.66,1997,7,9.61,2.19
Santiago,CL,-33.45,-70.66,1997,8,10.64,3.24
Santiago,CL,-33.45,-70.66,1997,9,10.7,2.6
Santiago,CL,-33.45,-70.66,1997,10,10.75,2.51
Santiago,CL,-33.45,-70.66,1997,11,15.78,0.38
Santiago,CL,-33.45,-70.66,1997,12,19.33,0.22
Santiago,CL,-33.45,-70.66,1997,13,14.7,2.0
Santiago,CL,-33.45,-70.66,1998,1,22.87,0.02
Santiago,CL,-33.45,-70.66,1998,2,20.18,0.6
Santiago,CL,-33.45,-70.66,1998,3,19.11,0.16
Santiago,CL,-33.45,-70.66,1998,4,13.8,0.99
Santiago,CL,-33.45,-70.66,1998,5,13.06,0.6
Santiago,CL,-33.45,-70.66,1998,6,10.25,0.86
Santiago,CL,-33.45,-70.66,1998,7,10.02,0.02
Santiago,CL,-33.45,-70.66,1998,8,10.19,0.04
Santiago,CL,-33.45,-70.66,1998,9,10.61,0.77
Santiago,CL,-33.45,-70.66,1998,10,17.12,0.04
Santiago,CL,-33.45,-70.66,1998,11,18.0,0.13
Santiago,CL,-33.45,-70.66,1998,12,20.99,0.1
Santiago,CL,-33.45,-70.66,1998,13,15.5,0.36
Santiago,CL,-33.45,-70.66,1999,1,20.44,0.14
Santiago,CL,-33.45,-70.66,1999,2,21.5,0.05
Santiago,CL,-33.45,-70.66,1999,3,17.86,0.66
Santiago,CL,-33.45,-70.66,1999,4,15.51,0.43
Santiago,CL,-33.45,-70.66,1999,5,13.36,0.52
Santiago,CL,-33.45,-70.66,1999,6,9.79,1.57
Santiago,CL,-33.45,-70.66,1999,7,7.62,1.35
Santiago,CL,-33.45,-70.66,1999,8,9.24,3.4
Santiago,CL,-33.45,-70.66,1999,9,9.71,3.66
Santiago,CL,-33.45,-70.66,1999,10,13.3,0.7
Santiago,CL,-33.45,-70.66,1999,11,16.37,0.21
Santiago,CL,-33.45,-70.66,1999,12,19.22,0.2
Santiago,CL,-33.45,-70.66,1999,13,14.45,1.08
Santiago,CL,-33.45,-70.66,2000,1,21.08,0.18
Santiago,CL,-33.45,-70.66,2000,2,19.39,0.56
Santiago,CL,-33.45,-70.66,2000,3,18.13,0.33
Santiago,CL,-33.45,-70.66,2000,4,16.04,0.49
Santiago,CL,-33.45,-70.66,2000,5,10.56,0.7
Santiago,CL,-33.45,-70.66,2000,6,6.03,8.9
Santiago,CL,-33.45,-70.66,2000,7,8.14,0.86
Santiago,CL,-33.45,-70.66,2000,8,9.56,0.11
Santiago,CL,-33.45,-70.66,2000,9,9.97,3.89
Santiago,CL,-33.45,-70.66,2000,10,14.07,0.36
Santiago,CL,-33.45,-70.66,2000,11,16.72,0.14
Santiago,CL,-33.45,-70.66,2000,12,21.34,0.12
Santiago,CL,-33.45,-70.66,2000,13,14.25,1.37
Santiago,CL,-33.45,-70.66,2001,1,21.27,0.23
Santiago,CL,-33.45,-70.66,2001,2,22.63,0.3
Santiago,CL,-33.45,-70.66,2001,3,19.14,0.54
Santiago,CL,-33.45,-70.66,2001,4,14.51,0.8
Santiago,CL,-33.45,-70.66,2001,5,10.29,2.36
Santiago,CL,-33.45,-70.66,2001,6,9.5,0.24
Santiago,CL,-33.45,-70.66,2001,7,7.86,6.57
Santiago,CL,-33.45,-70.66,2001,8,9.46,2.35
Santiago,CL,-33.45,-70.66,2001,9,9.95,0.63
Santiago,CL,-33.45,-70.66,2001,10,15.03,0.26
Santiago,CL,-33.45,-70.66,2001,11,16.51,0.07
Santiago,CL,-33.45,-70.66,2001,12,22.38,0.16
Santiago,CL,-33.45,-70.66,2001,13,14.84,1.23
Santiago,CL,-33.45,-70.66,2002,1,21.58,0.22
Santiago,CL,-33.45,-70.66,2002,2,21.02,0.25
Santiago,CL,-33.45,-70.66,2002,3,19.14,0.77
Santiago,CL,-33.45,-70.66,2002,4,14.0,0.58
Santiago,CL,-33.45,-70.66,2002,5,11.41,5.66
Santiago,CL,-33.45,-70.66,2002,6,6.5,5.69
Santiago,CL,-33.45,-70.66,2002,7,7.97,2.94
Santiago,CL,-33.45,-70.66,2002,8,9.05,3.84
Santiago,CL,-33.45,-70.66,2002,9,11.11,1.03
Santiago,CL,-33.45,-70.66,2002,10,13.83,0.27
Santiago,CL,-33.45,-70.66,2002,11,16.92,0.06
Santiago,CL,-33.45,-70.66,2002,12,19.39,0.22
Santiago,CL,-33.45,-70.66,2002,13,14.3,1.81
Santiago,CL,-33.45,-70.66,2003,1,22.56,0.43
Santiago,CL,-33.45,-70.66,2003,2,21.03,0.06
Santiago,CL,-33.45,-70.66,2003,3,20.39,0.12
Santiago,CL,-33.45,-70.66,2003,4,16.19,0.15
Santiago,CL,-33.45,-70.66,2003,5,12.65,2.41
Santiago,CL,-33.45,-70.66,2003,6,10.68,2.1
Santiago,CL,-33.45,-70.66,2003,7,8.31,2.02
Santiago,CL,-33.45,-70.66,2003,8,10.72,0.29
Santiago,CL,-33.45,-70.66,2003,9,12.76,0.62
Santiago,CL,-33.45,-70.66,2003,10,17.09,0.11
Santiago,CL,-33.45,-70.66,2003,11,18.85,0.65
Santiago,CL,-33.45,-70.66,2003,12,19.96,0.03
Santiago,CL,-33.45,-70.66,2003,13,15.9,0.75
Santiago,CL,-33.45,-70.66,2004,1,22.13,0.2
Santiago,CL,-33.45,-70.66,2004,2,20.65,0.17
Santiago,CL,-33.45,-70.66,2004,3,19.95,0.75
Santiago,CL,-33.45,-70.66,2004,4,14.84,1.49
Santiago,CL,-33.45,-70.66,2004,5,11.47,0.92
Santiago,CL,-33.45,-70.66,2004,6,10.27,1.84
Santiago,CL,-33.45,-70.66,2004,7,8.88,2.96
Santiago,CL,-33.45,-70.66,2004,8,9.32,1.89
Santiago,CL,-33.45,-70.66,2004,9,12.96,0.86
Santiago,CL,-33.45,-70.66,2004,10,13.82,0.43
Santiago,CL,-33.45,-70.66,2004,11,16.36,1.62
Santiago,CL,-33.45,-70.66,2004,12,20.7,0.06
Santiago,CL,-33.45,-70.66,2004,13,15.1,1.1
Santiago,CL,-33.45,-70.66,2005,1,21.64,0.37
Santiago,CL,-33.45,-70.66,2005,2,21.44,0.41
Santiago,CL,-33.45,-70.66,2005,3,18.8,0.69
Santiago,CL,-33.45,-70.66,2005,4,15.88,0.23
Santiago,CL,-33.45,-70.66,2005,5,10.08,1.56
Santiago,CL,-33.45,-70.66,2005,6,9.37,5.14
Santiago,CL,-33.45,-70.66,2005,7,8.78,0.56
Santiago,CL,-33.45,-70.66,2005,8,9.9,2.57
Santiago,CL,-33.45,-70.66,2005,9,9.99,0.37
Santiago,CL,-33.45,-70.66,2005,10,13.41,0.41
Santiago,CL,-33.45,-70.66,2005,11,18.25,0.47
Santiago,CL,-33.45,-70.66,2005,12,20.32,0.12
Santiago,CL,-33.45,-70.66,2005,13,14.78,1.08
Santiago,CL,-33.45,-70.66,2006,1,22.37,0.27
Santiago,CL,-33.45,-70.66,2006,2,21.08,0.84
Santiago,CL,-33.45,-70.66,2006,3,19.06,0.14
Santiago,CL,-33.45,-70.66,2006,4,17.27,0.09
Santiago,CL,-33.45,-70.66,2006,5,14.21,1.22
Santiago,CL,-33.45,-70.66,2006,6,10.36,2.78
Santiago,CL,-33.45,-70.66,2006,7,9.47,3.12
Santiago,CL,-33.45,-70.66,2006,8,10.08,0.94
Santiago,CL,-33.45,-70.66,2006,9,12.5,0.45
Santiago,CL,-33.45,-70.66,2006,10,14.57,1.56
Santiago,CL,-33.45,-70.66,2006,11,18.09,0.27
Santiago,CL,-33.45,-70.66,2006,12,20.67,0.17
Santiago,CL,-33.45,-70.66,2006,13,15.78,0.99
Santiago,CL,-33.45,-70.66,2007,1,21.63,0.19
Santiago,CL,-33.45,-70.66,2007,2,19.77,0.29
Santiago,CL,-33.45,-70.66,2007,3,18.54,0.43
Santiago,CL,-33.45,-70.66,2007,4,15.33,0.03
Santiago,CL,-33.45,-70.66,2007,5,11.56,0.46
Santiago,CL,-33.45,-70.66,2007,6,7.43,2.02
Santiago,CL,-33.45,-70.66,2007,7,7.17,1.01
Santiago,CL,-33.45,-70.66,2007,8,6.49,0.75
Santiago,CL,-33.45,-70.66,2007,9,11.13,0.06
Santiago,CL,-33.45,-70.66,2007,10,14.91,0.05
Santiago,CL,-33.45,-70.66,2007,11,18.3,0.14
Santiago,CL,-33.45,-70.66,2007,12,20.42,0.08
Santiago,CL,-33.45,-70.66,2007,13,14.36,0.46
Santiago,CL,-33.45,-70.66,2008,1,21.98,0.43
Santiago,CL,-33.45,-70.66,2008,2,20.68,0.24
Santiago,CL,-33.45,-70.66,2008,3,18.93,0.54
Santiago,CL,-33.45,-70.66,2008,4,15.82,0.29
Santiago,CL,-33.45,-70.66,2008,5,11.88,3.21
Santiago,CL,-33.45,-70.66,2008,6,8.88,1.45
Santiago,CL,-33.45,-70.66,2008,7,8.93,0.95
Santiago,CL,-33.45,-70.66,2008,8,7.76,3.55
Santiago,CL,-33.45,-70.66,2008,9,11.29,0.18
Santiago,CL,-33.45,-70.66,2008,10,14.43,0.02
Santiago,CL,-33.45,-70.66,2008,11,18.98,0.18
Santiago,CL,-33.45,-70.66,2008,12,20.72,0.16
Santiago,CL,-33.45,-70.66,2008,13,15.01,0.94
Santiago,CL,-33.45,-70.66,2009,1,22.3,0.19
Santiago,CL,-33.45,-70.66,2009,2,21.18,0.07
Santiago,CL,-33.45,-70.66,2009,3,20.85,0.14
Santiago,CL,-33.45,-70.66,2009,4,19.16,0.0
Santiago,CL,-33.45,-70.66,2009,5,14.43,0.21
Santiago,CL,-33.45,-70.66,2009,6,10.37,2.33
Santiago,CL,-33.45,-70.66,2009,7,7.98,0.29
Santiago,CL,-33.45,-70.66,2009,8,10.39,1.53
Santiago,CL,-33.45,-70.66,2009,9,9.49,1.34
Santiago,CL,-33.45,-70.66,2009,10,15.16,0.16
Santiago,CL,-33.45,-70.66,2009,11,16.84,0.03
Santiago,CL,-33.45,-70.66,2009,12,20.31,0.22
Santiago,CL,-33.45,-70.66,2009,13,15.68,0.54
Santiago,CL,-33.45,-70.66,2010,1,22.53,0.09
Santiago,CL,-33.45,-70.66,2010,2,20.9,0.02
Santiago,CL,-33.45,-70.66,2010,3,20.11,0.06
Santiago,CL,-33.45,-70.66,2010,4,15.84,0.03
Santiago,CL,-33.45,-70.66,2010,5,12.45,1.68
Santiago,CL,-33.45,-70.66,2010,6,8.33,2.26
Santiago,CL,-33.45,-70.66,2010,7,5.46,0.93
Santiago,CL,-33.45,-70.66,2010,8,9.34,0.18
Santiago,CL,-33.45,-70.66,2010,9,10.96,0.68
Santiago,CL,-33.45,-70.66,2010,10,14.33,0.16
Santiago,CL,-33.45,-70.66,2010,11,17.65,0.2
Santiago,CL,-33.45,-70.66,2010,12,18.4,0.29
Santiago,CL,-33.45,-70.66,2010,13,14.66,0.55
Santiago,CL,-33.45,-70.66,2011,1,20.94,0.17
Santiago,CL,-33.45,-70.66,2011,2,20.53,0.68
Santiago,CL,-33.45,-70.66,2011,3,18.34,0.1
Santiago,CL,-33.45,-70.66,2011,4,15.97,0.32
Santiago,CL,-33.45,-70.66,2011,5,13.94,0.01
Santiago,CL,-33.45,-70.66,2011,6,8.85,0.85
Santiago,CL,-33.45,-70.66,2011,7,6.88,1.16
Santiago,CL,-33.45,-70.66,2011,8,7.97,0.88
Santiago,CL,-33.45,-70.66,2011,9,14.03,0.07
Santiago,CL,-33.45,-70.66,2011,10,14.58,0.11
Santiago,CL,-33.45,-70.66,2011,11,18.39,0.34
Santiago,CL,-33.45,-70.66,2011,12,21.37,0.04
Santiago,CL,-33.45,-70.66,2011,13,15.11,0.39
Santiago,CL,-33.45,-70.66,2012,1,21.22,0.14
Santiago,CL,-33.45,-70.66,2012,2,21.41,0.16
Santiago,CL,-33.45,-70.66,2012,3,21.12,0.01
Santiago,CL,-33.45,-70.66,2012,4,16.16,0.28
Santiago,CL,-33.45,-70.66,2012,5,13.86,1.22
Santiago,CL,-33.45,-70.66,2012,6,9.97,1.91
Santiago,CL,-33.45,-70.66,2012,7,9.15,0.07
Santiago,CL,-33.45,-70.66,2012,8,8.94,1.11
Santiago,CL,-33.45,-70.66,2012,9,13.02,0.15
Santiago,CL,-33.45,-70.66,2012,10,13.08,1.2
Santiago,CL,-33.45,-70.66,2012,11,18.57,0.09
Santiago,CL,-33.45,-70.66,2012,12,19.24,0.86
Santiago,CL,-33.45,-70.66,2012,13,15.46,0.6
Santiago,CL,-33.45,-70.66,2013,1,22.07,0.24
Santiago,CL,-33.45,-70.66,2013,2,21.55,0.1
Santiago,CL,-33.45,-70.66,2013,3,18.85,0.16
Santiago,CL,-33.45,-70.66,2013,4,15.85,0.03
Santiago,CL,-33.45,-70.66,2013,5,11.39,2.81
Santiago,CL,-33.45,-70.66,2013,6,10.38,0.96
Santiago,CL,-33.45,-70.66,2013,7,9.47,0.33
Santiago,CL,-33.45,-70.66,2013,8,10.34,0.61
Santiago,CL,-33.45,-70.66,2013,9,10.97,0.16
Santiago,CL,-33.45,-70.66,2013,10,15.28,0.02
Santiago,CL,-33.45,-70.66,2013,11,17.72,0.16
Santiago,CL,-33.45,-70.66,2013,12,21.54,0.2
Santiago,CL,-33.45,-70.66,2013,13,15.42,0.49
Santiago,CL,-33.45,-70.66,2014,1,22.03,0.03
Santiago,CL,-33.45,-70.66,2014,2,19.46,0.9
Santiago,CL,-33.45,-70.66,2014,3,18.32,0.09
Santiago,CL,-33.45,-70.66,2014,4,15.73,0.08
Santiago,CL,-33.45,-70.66,2014,5,12.33,0.55
Santiago,CL,-33.45,-70.66,2014,6,7.97,2.34
Santiago,CL,-33.45,-70.66,2014,7,9.25,0.83
Santiago,CL,-33.45,-70.66,2014,8,11.13,1.57
Santiago,CL,-33.45,-70.66,2014,9,10.57,1.07
Santiago,CL,-33.45,-70.66,2014,10,16.38,0.09
Santiago,CL,-33.45,-70.66,2014,11,17.75,0.18
Santiago,CL,-33.45,-70.66,2014,12,19.7,0.07
Santiago,CL,-33.45,-70.66,2014,13,15.04,0.65
Santiago,CL,-33.45,-70.66,2015,1,22.8,0.02
Santiago,CL,-33.45,-70.66,2015,2,21.07,0.27
Santiago,CL,-33.45,-70.66,2015,3,20.56,0.24
Santiago,CL,-33.45,-70.66,2015,4,18.23,0.03
Santiago,CL,-33.45,-70.66,2015,5,14.15,0.03
Santiago,CL,-33.45,-70.66,2015,6,12.14,0.02
Santiago,CL,-33.45,-70.66,2015,7,9.24,0.99
Santiago,CL,-33.45,-70.66,2015,8,10.06,1.88
Santiago,CL,-33.45,-70.66,2015,9,11.44,0.66
Santiago,CL,-33.45,-70.66,2015,10,12.15,1.34
Santiago,CL,-33.45,-70.66,2015,11,15.74,0.38
Santiago,CL,-33.45,-70.66,2015,12,20.63,0.19
Santiago,CL,-33.45,-70.66,2015,13,15.65,0.51
Santiago,CL,-33.45,-70.66,2016,1,21.23,1.01
Santiago,CL,-33.45,-70.66,2016,2,22.38,0.18
Santiago,CL,-33.45,-70.66,2016,3,20.39,0.5
Santiago,CL,-33.45,-70.66,2016,4,13.88,2.28
Santiago,CL,-33.45,-70.66,2016,5,12.07,1.08
Santiago,CL,-33.45,-70.66,2016,6,9.22,1.08
Santiago,CL,-33.45,-70.66,2016,7,8.96,1.55
Santiago,CL,-33.45,-70.66,2016,8,11.96,0.03
Santiago,CL,-33.45,-70.66,2016,9,14.5,0.03
Santiago,CL,-33.45,-70.66,2016,10,14.79,0.35
Santiago,CL,-33.45,-70.66,2016,11,19.05,0.16
Santiago,CL,-33.45,-70.66,2016,12,19.85,0.75
Santiago,CL,-33.45,-70.66,2016,13,15.67,0.75
Santiago,CL,-33.45,-70.66,2017,1,23.82,0.03
Santiago,CL,-33.45,-70.66,2017,2,21.6,0.31
Santiago,CL,-33.45,-70.66,2017,3,18.78,0.47
Santiago,CL,-33.45,-70.66,2017,4,14.96,0.69
Santiago,CL,-33.45,-70.66,2017,5,10.49,1.76
Santiago,CL,-33.45,-70.66,2017,6,8.56,2.33
Santiago,CL,-33.45,-70.66,2017,7,9.64,0.81
Santiago,CL,-33.45,-70.66,2017,8,8.93,1.51
Santiago,CL,-33.45,-70.66,2017,9,11.59,0.61
Santiago,CL,-33.45,-70.66,2017,10,13.16,0.9
Santiago,CL,-33.45,-70.66,2017,11,18.18,0.15
Santiago,CL,-33.45,-70.66,2017,12,21.5,0.28
Santiago,CL,-33.45,-70.66,2017,13,15.07,0.82
Santiago,CL,-33.45,-70.66,2018,1,21.74,0.21
Santiago,CL,-33.45,-70.66,2018,2,21.35,0.29
Santiago,CL,-33.45,-70.66,2018,3,19.34,0.1
Santiago,CL,-33.45,-70.66,2018,4,17.71,0.07
Santiago,CL,-33.45,-70.66,2018,5,13.4,0.69
Santiago,CL,-33.45,-70.66,2018,6,8.89,1.1
Santiago,CL,-33.45,-70.66,2018,7,8.25,1.78
Santiago,CL,-33.45,-70.66,2018,8,11.22,0.25
Santiago,CL,-33.45,-70.66,2018,9,13.4,0.83
Santiago,CL,-33.45,-70.66,2018,10,14.64,0.23
Santiago,CL,-33.45,-70.66,2018,11,18.92,0.12
Santiago,CL,-33.45,-70.66,2018,12,20.17,0.17
Santiago,CL,-33.45,-70.66,2018,13,15.72,0.49
Santiago,CL,-33.45,-70.66,2019,1,22.27,0.25
Santiago,CL,-33.45,-70.66,2019,2,22.92,0.14
Santiago,CL,-33.45,-70.66,2019,3,19.67,0.25
Santiago,CL,-33.45,-70.66,2019,4,16.85,0.09
Santiago,CL,-33.45,-70.66,2019,5,12.7,0.49
Santiago,CL,-33.45,-70.66,2019,6,8.7,1.4
Santiago,CL,-33.45,-70.66,2019,7,9.38,0.27
Santiago,CL,-33.45,-70.66,2019,8,12.36,0.0
Santiago,CL,-33.45,-70.66,2019,9,12.53,0.26
Santiago,CL,-33.45,-70.66,2019,10,14.72,0.14
Santiago,CL,-33.45,-70.66,2019,11,20.37,0.16
Santiago,CL,-33.45,-70.66,2019,12,21.73,0.09
Santiago,CL,-33.45,-70.66,2019,13,16.15,0.29
Santiago,CL,-33.45,-70.66,2020,1,22.8,0.19
Santiago,CL,-33.45,-70.66,2020,2,21.88,0.34
Santiago,CL,-33.45,-70.66,2020,3,20.96,0.14
Santiago,CL,-33.45,-70.66,2020,4,17.64,0.21
Santiago,CL,-33.45,-70.66,2020,5,15.67,0.17
Santiago,CL,-33.45,-70.66,2020,6,7.26,4.06
Santiago,CL,-33.45,-70.66,2020,7,7.81,1.34
Santiago,CL,-33.45,-70.66,2020,8,9.34,0.09
Santiago,CL,-33.45,-70.66,2020,9,12.72,0.06
Santiago,CL,-33.45,-70.66,2020,10,16.06,0.03
Santiago,CL,-33.45,-70.66,2020,11,18.81,0.43
Santiago,CL,-33.45,-70.66,2020,12,21.18,0.09
Santiago,CL,-33.45,-70.66,2020,13,16.0,0.59
Santiago,CL,-33.45,-70.66,2021,1,21.36,1.02
Santiago,CL,-33.45,-70.66,2021,2,20.27,0.82
Santiago,CL,-33.45,-70.66,2021,3,18.52,0.65
Santiago,CL,-33.45,-70.66,2021,4,16.46,0.11
Santiago,CL,-33.45,-70.66,2021,5,13.02,0.35
Santiago,CL,-33.45,-70.66,2021,6,11.19,0.31
Santiago,CL,-33.45,-70.66,2021,7,11.46,0.02
Santiago,CL,-33.45,-70.66,2021,8,11.07,0.17
Santiago,CL,-33.45,-70.66,2021,9,12.22,0.24
Santiago,CL,-33.45,-70.66,2021,10,15.64,0.18
Santiago,CL,-33.45,-70.66,2021,11,18.75,0.23
Santiago,CL,-33.45,-70.66,2021,12,21.26,0.33
Santiago,CL,-33.45,-70.66,2021,13,15.91,0.37
Santiago,CL,-33.45,-70.66,2022,1,20.55,0.74
Santiago,CL,-33.45,-70.66,2022,2,20.1,0.39
Santiago,CL,-33.45,-70.66,2022,3,19.47,0.01
Santiago,CL,-33.45,-70.66,2022,4,15.51,0.2
Santiago,CL,-33.45,-70.66,2022,5,13.84,0.01
Santiago,CL,-33.45,-70.66,2022,6,9.6,0.3
Santiago,CL,-33.45,-70.66,2022,7,7.81,0.83
Santiago,CL,-33.45,-70.66,2022,8,11.1,0.13
Santiago,CL,-33.45,-70.66,2022,9,11.51,0.1
Santiago,CL,-33.45,-70.66,2022,10,15.19,0.1
Santiago,CL,-33.45,-70.66,2022,11,19.91,0.21
Santiago,CL,-33.45,-70.66,2022,12,21.58,0.14
Santiago,CL,-33.45,-70.66,2022,13,15.49,0.26
Santiago,CL,-33.45,-70.66,2023,1,21.46,0.35
Santiago,CL,-33.45,-70.66,2023,2,22.74,0.05
Santiago,CL,-33.45,-70.66,2023,3,21.44,0.36
Santiago,CL,-33.45,-70.66,2023,4,17.41,0.06
Santiago,CL,-33.45,-70.66,2023,5,14.98,0.13
Santiago,CL,-33.45,-70.66,2023,6,12.75,0.55
Santiago,CL,-33.45,-70.66,2023,7,11.15,0.95
Santiago,CL,-33.45,-70.66,2023,8,11.67,1.1
Santiago,CL,-33.45,-70.66,2023,9,11.43,0.67
Santiago,CL,-33.45,-70.66,2023,10,14.71,0.11
Santiago,CL,-33.45,-70.66,2023,11,17.4,0.11
Santiago,CL,-33.45,-70.66,2023,12,21.16,0.07
Santiago,CL,-33.45,-70.66,2023,13,16.49,0.38
Santiago,CL,-33.45,-70.66,2024,1,23.18,0.24
Santiago,CL,-33.45,-70.66,2024,2,23.14,0.29
Santiago,CL,-33.45,-70.66,2024,3,21.68,0.07
Santiago,CL,-33.45,-70.66,2024,4,15.87,0.15
Santiago,CL,-33.45,-70.66,2024,5,9.01,0.61
Santiago,CL,-33.45,-70.66,2024,6,9.38,1.39
Santiago,CL,-33.45,-70.66,2024,7,10.53,0.01
Santiago,CL,-33.45,-70.66,2024,8,9.57,0.35
Santiago,CL,-33.45,-70.66,2024,9,13.22,0.32
Santiago,CL,-33.45,-70.66,2024,10,16.88,0.45
Santiago,CL,-33.45,-70.66,2024,11,19.14,0.0
Santiago,CL,-33.45,-70.66,2024,12,20.87,0.07
Santiago,CL,-33.45,-70.66,2024,13,16.02,0.33
Lima,PE,-12.05,-77.04,1981,1,18.41,0.26
Lima,PE,-12.05,-77.04,1981,2,19.17,0.64
Lima,PE,-12.05,-77.04,1981,3,19.71,0.11
Lima,PE,-12.05,-77.04,1981,4,18.9,0.04
Lima,PE,-12.05,-77.04,1981,5,17.65,0.02
Lima,PE,-12.05,-77.04,1981,6,16.72,0.01
Lima,PE,-12.05,-77.04,1981,7,16.36,0.03
Lima,PE,-12.05,-77.04,1981,8,16.35,0.13
Lima,PE,-12.05,-77.04,1981,9,17.43,0.03
Lima,PE,-12.05,-77.04,1981,10,16.95,0.07
Lima,PE,-12.05,-77.04,1981,11,17.02,0.09
Lima,PE,-12.05,-77.04,1981,12,18.36,0.27
Lima,PE,-12.05,-77.04,1981,13,17.74,0.14
Lima,PE,-12.05,-77.04,1982,1,18.38,0.13
Lima,PE,-12.05,-77.04,1982,2,19.07,0.32
Lima,PE,-12.05,-77.04,1982,3,18.89,0.06
Lima,PE,-12.05,-77.04,1982,4,18.54,0.03
Lima,PE,-12.05,-77.04,1982,5,17.67,0.0
Lima,PE,-12.05,-77.04,1982,6,17.55,0.22
Lima,PE,-12.05,-77.04,1982,7,16.92,0.03
Lima,PE,-12.05,-77.04,1982,8,17.37,0.01
Lima,PE,-12.05,-77.04,1982,9,17.86,0.06
Lima,PE,-12.05,-77.04,1982,10,17.44,0.11
Lima,PE,-12.05,-77.04,1982,11,18.64,0.0
Lima,PE,-12.05,-77.04,1982,12,19.91,0.0
Lima,PE,-12.05,-77.04,1982,13,18.18,0.08
Lima,PE,-12.05,-77.04,1983,1,21.45,0.03
Lima,PE,-12.05,-77.04,1983,2,21.69,0.07
Lima,PE,-12.05,-77.04,1983,3,21.6,0.0
Lima,PE,-12.05,-77.04,1983,4,20.89,0.34
Lima,PE,-12.05,-77.04,1983,5,20.29,0.0
Lima,PE,-12.05,-77.04,1983,6,19.55,0.0
Lima,PE,-12.05,-77.04,1983,7,18.12,0.0
Lima,PE,-12.05,-77.04,1983,8,17.51,0.0
Lima,PE,-12.05,-77.04,1983,9,17.35,0.01
Lima,PE,-12.05,-77.04,1983,10,17.34,0.0
Lima,PE,-12.05,-77.04,1983,11,17.71,0.01
Lima,PE,-12.05,-77.04,1983,12,18.17,0.03
Lima,PE,-12.05,-77.04,1983,13,19.29,0.04
Lima,PE,-12.05,-77.04,1984,1,18.55,0.11
Lima,PE,-12.05,-77.04,1984,2,19.16,0.16
Lima,PE,-12.05,-77.04,1984,3,19.11,0.09
Lima,PE,-12.05,-77.04,1984,4,18.59,0.04
Lima,PE,-12.05,-77.04,1984,5,17.43,0.0
Lima,PE,-12.05,-77.04,1984,6,16.92,0.03
Lima,PE,-12.05,-77.04,1984,7,16.39,0.0
Lima,PE,-12.05,-77.04,1984,8,16.51,0.03
Lima,PE,-12.05,-77.04,1984,9,17.11,0.03
Lima,PE,-12.05,-77.04,1984,10,17.22,0.02
Lima,PE,-12.05,-77.04,1984,11,17.06,0.07
Lima,PE,-12.05,-77.04,1984,12,18.39,0.06
Lima,PE,-12.05,-77.04,1984,13,17.7,0.05
Lima,PE,-12.05,-77.04,1985,1,18.06,0.67
Lima,PE,-12.05,-77.04,1985,2,18.61,0.34
Lima,PE,-12.05,-77.04,1985,3,18.88,1.39
Lima,PE,-12.05,-77.04,1985,4,18.14,0.03
Lima,PE,-12.05,-77.04,1985,5,17.22,0.0
Lima,PE,-12.05,-77.04,1985,6,17.23,0.01
Lima,PE,-12.05,-77.04,1985,7,15.91,0.03
Lima,PE,-12.05,-77.04,1985,8,15.87,0.15
Lima,PE,-12.05,-77.04,1985,9,16.79,0.03
Lima,PE,-12.05,-77.04,1985,10,17.04,0.02
Lima,PE,-12.05,-77.04,1985,11,17.02,0.02
Lima,PE,-12.05,-77.04,1985,12,17.94,0.04
Lima,PE,-12.05,-77.04,1985,13,17.38,0.23
Lima,PE,-12.05,-77.04,1986,1,18.72,0.12
Lima,PE,-12.05,-77.04,1986,2,18.79,0.17
Lima,PE,-12.05,-77.04,1986,3,18.94,0.11
Lima,PE,-12.05,-77.04,1986,4,18.56,0.22
Lima,PE,-12.05,-77.04,1986,5,17.34,0.01
Lima,PE,-12.05,-77.04,1986,6,16.42,0.01
Lima,PE,-12.05,-77.04,1986,7,16.41,0.0
Lima,PE,-12.05,-77.04,1986,8,17.1,0.04
Lima,PE,-12.05,-77.04,1986,9,17.43,0.02
Lima,PE,-12.05,-77.04,1986,10,17.02,0.02
Lima,PE,-12.05,-77.04,1986,11,17.69,0.05
Lima,PE,-12.05,-77.04,1986,12,18.57,0.13
Lima,PE,-12.05,-77.04,1986,13,17.74,0.07
Lima,PE,-12.05,-77.04,1987,1,19.67,0.05
Lima,PE,-12.05,-77.04,1987,2,20.69,0.04
Lima,PE,-12.05,-77.04,1987,3,20.56,0.07
Lima,PE,-12.05,-77.04,1987,4,19.53,0.02
Lima,PE,-12.05,-77.04,1987,5,17.97,0.01
Lima,PE,-12.05,-77.04,1987,6,17.66,0.03
Lima,PE,-12.05,-77.04,1987,7,17.16,0.01
Lima,PE,-12.05,-77.04,1987,8,17.05,0.06
Lima,PE,-12.05,-77.04,1987,9,17.44,0.02
Lima,PE,-12.05,-77.04,1987,10,17.75,0.02
Lima,PE,-12.05,-77.04,1987,11,18.11,0.1
Lima,PE,-12.05,-77.04,1987,12,19.15,0.02
Lima,PE,-12.05,-77.04,1987,13,18.55,0.04
Lima,PE,-12.05,-77.04,1988,1,19.43,0.09
Lima,PE,-12.05,-77.04,1988,2,19.92,0.12
Lima,PE,-12.05,-77.04,1988,3,19.77,0.05
Lima,PE,-12.05,-77.04,1988,4,19.01,0.04
Lima,PE,-12.05,-77.04,1988,5,18.34,0.0
Lima,PE,-12.05,-77.04,1988,6,16.14,0.0
Lima,PE,-12.05,-77.04,1988,7,15.51,0.05
Lima,PE,-12.05,-77.04,1988,8,16.01,0.08
Lima,PE,-12.05,-77.04,1988,9,16.33,0.03
Lima,PE,-12.05,-77.04,1988,10,16.7,0.01
Lima,PE,-12.05,-77.04,1988,11,17.31,0.01
Lima,PE,-12.05,-77.04,1988,12,17.72,0.07
Lima,PE,-12.05,-77.04,1988,13,17.68,0.05
Lima,PE,-12.05,-77.04,1989,1,18.74,0.08
Lima,PE,-12.05,-77.04,1989,2,19.59,0.07
Lima,PE,-12.05,-77.04,1989,3,18.93,0.1
Lima,PE,-12.05,-77.04,1989,4,18.33,0.03
Lima,PE,-12.05,-77.04,1989,5,17.27,0.01
Lima,PE,-12.05,-77.04,1989,6,16.34,0.02
Lima,PE,-12.05,-77.04,1989,7,15.94,0.01
Lima,PE,-12.05,-77.04,1989,8,16.53,0.05
Lima,PE,-12.05,-77.04,1989,9,16.35,0.04
Lima,PE,-12.05,-77.04,1989,10,17.13,0.03
Lima,PE,-12.05,-77.04,1989,11,17.28,0.03
Lima,PE,-12.05,-77.04,1989,12,17.8,0.02
Lima,PE,-12.05,-77.04,1989,13,17.51,0.04
Lima,PE,-12.05,-77.04,1990,1,19.05,0.04
Lima,PE,-12.05,-77.04,1990,2,19.41,0.02
Lima,PE,-12.05,-77.04,1990,3,19.72,0.01
Lima,PE,-12.05,-77.04,1990,4,18.68,0.02
Lima,PE,-12.05,-77.04,1990,5,18.14,0.06
Lima,PE,-12.05,-77.04,1990,6,17.27,0.08
Lima,PE,-12.05,-77.04,1990,7,16.42,0.02
Lima,PE,-12.05,-77.04,1990,8,16.61,0.02
Lima,PE,-12.05,-77.04,1990,9,17.0,0.02
Lima,PE,-12.05,-77.04,1990,10,16.69,0.08
Lima,PE,-12.05,-77.04,1990,11,17.35,0.01
Lima,PE,-12.05,-77.04,1990,12,18.24,0.03
Lima,PE,-12.05,-77.04,1990,13,17.87,0.03
Lima,PE,-12.05,-77.04,1991,1,18.78,0.03
Lima,PE,-12.05,-77.04,1991,2,19.41,0.04
Lima,PE,-12.05,-77.04,1991,3,19.39,0.05
Lima,PE,-12.05,-77.04,1991,4,18.7,0.0
Lima,PE,-12.05,-77.04,1991,5,17.91,0.09
Lima,PE,-12.05,-77.04,1991,6,16.95,0.03
Lima,PE,-12.05,-77.04,1991,7,16.5,0.01
Lima,PE,-12.05,-77.04,1991,8,16.69,0.03
Lima,PE,-12.05,-77.04,1991,9,17.18,0.09
Lima,PE,-12.05,-77.04,1991,10,17.6,0.07
Lima,PE,-12.05,-77.04,1991,11,17.8,0.02
Lima,PE,-12.05,-77.04,1991,12,18.59,0.01
Lima,PE,-12.05,-77.04,1991,13,17.95,0.04
Lima,PE,-12.05,-77.04,1992,1,19.88,0.01
Lima,PE,-12.05,-77.04,1992,2,20.25,0.04
Lima,PE,-12.05,-77.04,1992,3,21.22,0.03
Lima,PE,-12.05,-77.04,1992,4,20.42,0.01
Lima,PE,-12.05,-77.04,1992,5,18.96,0.02
Lima,PE,-12.05,-77.04,1992,6,17.4,0.05
Lima,PE,-12.05,-77.04,1992,7,16.21,0.04
Lima,PE,-12.05,-77.04,1992,8,16.59,0.08
Lima,PE,-12.05,-77.04,1992,9,16.5,0.16
Lima,PE,-12.05,-77.04,1992,10,17.53,0.07
Lima,PE,-12.05,-77.04,1992,11,17.5,0.0
Lima,PE,-12.05,-77.04,1992,12,18.13,0.04
Lima,PE,-12.05,-77.04,1992,13,18.38,0.05
Lima,PE,-12.05,-77.04,1993,1,19.01,0.05
Lima,PE,-12.05,-77.04,1993,2,19.58,0.05
Lima,PE,-12.05,-77.04,1993,3,19.95,0.1
Lima,PE,-12.05,-77.04,1993,4,19.33,0.03
Lima,PE,-12.05,-77.04,1993,5,18.44,0.03
Lima,PE,-12.05,-77.04,1993,6,17.6,0.01
Lima,PE,-12.05,-77.04,1993,7,16.88,0.08
Lima,PE,-12.05,-77.04,1993,8,16.84,0.04
Lima,PE,-12.05,-77.04,1993,9,16.88,0.04
Lima,PE,-12.05,-77.04,1993,10,17.55,0.04
Lima,PE,-12.05,-77.04,1993,11,17.29,0.08
Lima,PE,-12.05,-77.04,1993,12,18.49,0.08
Lima,PE,-12.05,-77.04,1993,13,18.15,0.05
Lima,PE,-12.05,-77.04,1994,1,18.97,0.07
Lima,PE,-12.05,-77.04,1994,2,19.73,0.05
Lima,PE,-12.05,-77.04,1994,3,19.4,0.04
Lima,PE,-12.05,-77.04,1994,4,19.15,0.03
Lima,PE,-12.05,-77.04,1994,5,18.09,0.0
Lima,PE,-12.05,-77.04,1994,6,17.4,0.0
Lima,PE,-12.05,-77.04,1994,7,16.74,0.02
Lima,PE,-12.05,-77.04,1994,8,16.44,0.0
Lima,PE,-12.05,-77.04,1994,9,17.67,0.04
Lima,PE,-12.05,-77.04,1994,10,17.24,0.06
Lima,PE,-12.05,-77.04,1994,11,17.82,0.06
Lima,PE,-12.05,-77.04,1994,12,18.79,0.12
Lima,PE,-12.05,-77.04,1994,13,18.11,0.04
Lima,PE,-12.05,-77.04,1995,1,19.5,0.09
Lima,PE,-12.05,-77.04,1995,2,19.87,0.14
Lima,PE,-12.05,-77.04,1995,3,19.45,0.09
Lima,PE,-12.05,-77.04,1995,4,18.98,0.03
Lima,PE,-12.05,-77.04,1995,5,17.68,0.01
Lima,PE,-12.05,-77.04,1995,6,17.14,0.01
Lima,PE,-12.05,-77.04,1995,7,16.22,0.03
Lima,PE,-12.05,-77.04,1995,8,16.3,0.02
Lima,PE,-12.05,-77.04,1995,9,17.08,0.05
Lima,PE,-12.05,-77.04,1995,10,16.74,0.04
Lima,PE,-12.05,-77.04,1995,11,17.58,0.11
Lima,PE,-12.05,-77.04,1995,12,17.89,0.07
Lima,PE,-12.05,-77.04,1995,13,17.85,0.06
Lima,PE,-12.05,-77.04,1996,1,18.35,0.06
Lima,PE,-12.05,-77.04,1996,2,19.31,0.07
Lima,PE,-12.05,-77.04,1996,3,19.16,0.1
Lima,PE,-12.05,-77.04,1996,4,18.45,0.06
Lima,PE,-12.05,-77.04,1996,5,18.04,0.02
Lima,PE,-12.05,-77.04,1996,6,16.24,0.06
Lima,PE,-12.05,-77.04,1996,7,15.87,0.07
Lima,PE,-12.05,-77.04,1996,8,16.5,0.03
Lima,PE,-12.05,-77.04,1996,9,16.9,0.03
Lima,PE,-12.05,-77.04,1996,10,16.93,0.06
Lima,PE,-12.05,-77.04,1996,11,17.09,0.05
Lima,PE,-12.05,-77.04,1996,12,18.07,0.05
Lima,PE,-12.05,-77.04,1996,13,17.57,0.05
Lima,PE,-12.05,-77.04,1997,1,18.4,0.1
Lima,PE,-12.05,-77.04,1997,2,19.78,0.14
Lima,PE,-12.05,-77.04,1997,3,20.22,0.05
Lima,PE,-12.05,-77.04,1997,4,19.49,0.02
Lima,PE,-12.05,-77.04,1997,5,19.58,0.03
Lima,PE,-12.05,-77.04,1997,6,18.57,0.0
Lima,PE,-12.05,-77.04,1997,7,18.7,0.01
Lima,PE,-12.05,-77.04,1997,8,18.8,0.02
Lima,PE,-12.05,-77.04,1997,9,18.74,0.04
Lima,PE,-12.05,-77.04,1997,10,18.52,0.03
Lima,PE,-12.05,-77.04,1997,11,19.03,0.07
Lima,PE,-12.05,-77.04,1997,12,20.89,0.12
Lima,PE,-12.05,-77.04,1997,13,19.23,0.05
Lima,PE,-12.05,-77.04,1998,1,21.86,0.16
Lima,PE,-12.05,-77.04,1998,2,22.32,0.18
Lima,PE,-12.05,-77.04,1998,3,21.98,0.15
Lima,PE,-12.05,-77.04,1998,4,20.87,0.03
Lima,PE,-12.05,-77.04,1998,5,19.3,0.01
Lima,PE,-12.05,-77.04,1998,6,17.82,0.03
Lima,PE,-12.05,-77.04,1998,7,16.97,0.06
Lima,PE,-12.05,-77.04,1998,8,16.59,0.04
Lima,PE,-12.05,-77.04,1998,9,16.66,0.29
Lima,PE,-12.05,-77.04,1998,10,17.01,1.94
Lima,PE,-12.05,-77.04,1998,11,17.2,0.23
Lima,PE,-12.05,-77.04,1998,12,18.13,0.04
Lima,PE,-12.05,-77.04,1998,13,18.87,0.27
Lima,PE,-12.05,-77.04,1999,1,18.46,0.27
Lima,PE,-12.05,-77.04,1999,2,19.36,0.13
Lima,PE,-12.05,-77.04,1999,3,19.27,0.18
Lima,PE,-12.05,-77.04,1999,4,18.7,0.03
Lima,PE,-12.05,-77.04,1999,5,17.45,0.02
Lima,PE,-12.05,-77.04,1999,6,16.31,0.01
Lima,PE,-12.05,-77.04,1999,7,16.07,0.02
Lima,PE,-12.05,-77.04,1999,8,16.37,0.01
Lima,PE,-12.05,-77.04,1999,9,16.61,0.04
Lima,PE,-12.05,-77.04,1999,10,17.09,0.02
Lima,PE,-12.05,-77.04,1999,11,16.97,0.03
Lima,PE,-12.05,-77.04,1999,12,17.76,0.07
Lima,PE,-12.05,-77.04,1999,13,17.52,0.07
Lima,PE,-12.05,-77.04,2000,1,18.14,0.46
Lima,PE,-12.05,-77.04,2000,2,19.05,0.14
Lima,PE,-12.05,-77.04,2000,3,19.32,0.13
Lima,PE,-12.05,-77.04,2000,4,19.04,0.02
Lima,PE,-12.05,-77.04,2000,5,17.48,0.03
Lima,PE,-12.05,-77.04,2000,6,16.53,0.04
Lima,PE,-12.05,-77.04,2000,7,16.4,0.03
Lima,PE,-12.05,-77.04,2000,8,16.97,0.03
Lima,PE,-12.05,-77.04,2000,9,16.79,0.02
Lima,PE,-12.05,-77.04,2000,10,17.65,0.03
Lima,PE,-12.05,-77.04,2000,11,17.07,0.02
Lima,PE,-12.05,-77.04,2000,12,18.5,0.05
Lima,PE,-12.05,-77.04,2000,13,17.74,0.08
Lima,PE,-12.05,-77.04,2001,1,18.73,0.09
Lima,PE,-12.05,-77.04,2001,2,19.72,0.22
Lima,PE,-12.05,-77.04,2001,3,19.86,0.09
Lima,PE,-12.05,-77.04,2001,4,19.33,0.02
Lima,PE,-12.05,-77.04,2001,5,17.51,0.31
Lima,PE,-12.05,-77.04,2001,6,16.71,0.02
Lima,PE,-12.05,-77.04,2001,7,16.54,0.05
Lima,PE,-12.05,-77.04,2001,8,17.04,0.07
Lima,PE,-12.05,-77.04,2001,9,16.61,0.03
Lima,PE,-12.05,-77.04,2001,10,17.07,0.07
Lima,PE,-12.05,-77.04,2001,11,17.2,0.08
Lima,PE,-12.05,-77.04,2001,12,18.11,0.07
Lima,PE,-12.05,-77.04,2001,13,17.86,0.09
Lima,PE,-12.05,-77.04,2002,1,18.93,0.04
Lima,PE,-12.05,-77.04,2002,2,19.92,0.14
Lima,PE,-12.05,-77.04,2002,3,20.6,0.06
Lima,PE,-12.05,-77.04,2002,4,19.06,0.01
Lima,PE,-12.05,-77.04,2002,5,18.94,0.03
Lima,PE,-12.05,-77.04,2002,6,16.81,0.04
Lima,PE,-12.05,-77.04,2002,7,16.32,0.05
Lima,PE,-12.05,-77.04,2002,8,17.14,0.02
Lima,PE,-12.05,-77.04,2002,9,17.51,0.03
Lima,PE,-12.05,-77.04,2002,10,17.97,0.03
Lima,PE,-12.05,-77.04,2002,11,18.28,0.03
Lima,PE,-12.05,-77.04,2002,12,19.22,0.04
Lima,PE,-12.05,-77.04,2002,13,18.38,0.04
Lima,PE,-12.05,-77.04,2003,1,19.74,0.04
Lima,PE,-12.05,-77.04,2003,2,20.31,0.07
Lima,PE,-12.05,-77.04,2003,3,20.04,0.05
Lima,PE,-12.05,-77.04,2003,4,19.2,0.03
Lima,PE,-12.05,-77.04,2003,5,18.28,0.02
Lima,PE,-12.05,-77.04,2003,6,16.97,0.0
Lima,PE,-12.05,-77.04,2003,7,16.61,0.01
Lima,PE,-12.05,-77.04,2003,8,16.88,0.04
Lima,PE,-12.05,-77.04,2003,9,17.2,0.02
Lima,PE,-12.05,-77.04,2003,10,17.65,0.01
Lima,PE,-12.05,-77.04,2003,11,18.22,0.04
Lima,PE,-12.05,-77.04,2003,12,18.73,0.07
Lima,PE,-12.05,-77.04,2003,13,18.31,0.03
Lima,PE,-12.05,-77.04,2004,1,19.22,0.05
Lima,PE,-12.05,-77.04,2004,2,19.96,0.04
Lima,PE,-12.05,-77.04,2004,3,20.13,0.06
Lima,PE,-12.05,-77.04,2004,4,19.0,0.01
Lima,PE,-12.05,-77.04,2004,5,17.66,0.01
Lima,PE,-12.05,-77.04,2004,6,16.82,0.02
Lima,PE,-12.05,-77.04,2004,7,16.14,0.05
Lima,PE,-12.05,-77.04,2004,8,16.6,0.02
Lima,PE,-12.05,-77.04,2004,9,17.35,0.01
Lima,PE,-12.05,-77.04,2004,10,17.46,0.02
Lima,PE,-12.05,-77.04,2004,11,17.99,0.24
Lima,PE,-12.05,-77.04,2004,12,18.42,0.36
Lima,PE,-12.05,-77.04,2004,13,18.06,0.07
Lima,PE,-12.05,-77.04,2005,1,19.57,0.04
Lima,PE,-12.05,-77.04,2005,2,19.86,0.05
Lima,PE,-12.05,-77.04,2005,3,19.82,0.05
Lima,PE,-12.05,-77.04,2005,4,19.84,0.01
Lima,PE,-12.05,-77.04,2005,5,17.81,0.0
Lima,PE,-12.05,-77.04,2005,6,17.0,0.0
Lima,PE,-12.05,-77.04,2005,7,16.52,0.0
Lima,PE,-12.05,-77.04,2005,8,16.74,0.01
Lima,PE,-12.05,-77.04,2005,9,16.92,0.02
Lima,PE,-12.05,-77.04,2005,10,16.74,0.03
Lima,PE,-12.05,-77.04,2005,11,17.33,0.01
Lima,PE,-12.05,-77.04,2005,12,17.79,0.1
Lima,PE,-12.05,-77.04,2005,13,17.98,0.03
Lima,PE,-12.05,-77.04,2006,1,19.17,0.05
Lima,PE,-12.05,-77.04,2006,2,20.08,0.2
Lima,PE,-12.05,-77.04,2006,3,19.8,0.12
Lima,PE,-12.05,-77.04,2006,4,18.69,0.01
Lima,PE,-12.05,-77.04,2006,5,17.38,0.0
Lima,PE,-12.05,-77.04,2006,6,16.83,0.01
Lima,PE,-12.05,-77.04,2006,7,16.83,0.0
Lima,PE,-12.05,-77.04,2006,8,17.49,0.04
Lima,PE,-12.05,-77.04,2006,9,17.46,0.01
Lima,PE,-12.05,-77.04,2006,10,17.44,0.01
Lima,PE,-12.05,-77.04,2006,11,17.73,0.04
Lima,PE,-12.05,-77.04,2006,12,18.44,0.16
Lima,PE,-12.05,-77.04,2006,13,18.1,0.05
Lima,PE,-12.05,-77.04,2007,1,19.84,0.04
Lima,PE,-12.05,-77.04,2007,2,19.76,0.03
Lima,PE,-12.05,-77.04,2007,3,19.67,0.07
Lima,PE,-12.05,-77.04,2007,4,18.91,0.01
Lima,PE,-12.05,-77.04,2007,5,17.33,0.0
Lima,PE,-12.05,-77.04,2007,6,16.52,0.03
Lima,PE,-12.05,-77.04,2007,7,16.24,0.02
Lima,PE,-12.05,-77.04,2007,8,15.79,0.01
Lima,PE,-12.05,-77.04,2007,9,16.67,0.02
Lima,PE,-12.05,-77.04,2007,10,16.27,0.01
Lima,PE,-12.05,-77.04,2007,11,17.22,0.02
Lima,PE,-12.05,-77.04,2007,12,17.42,0.05
Lima,PE,-12.05,-77.04,2007,13,17.62,0.03
Lima,PE,-12.05,-77.04,2008,1,18.86,0.07
Lima,PE,-12.05,-77.04,2008,2,19.28,0.06
Lima,PE,-12.05,-77.04,2008,3,19.5,0.04
Lima,PE,-12.05,-77.04,2008,4,18.51,0.04
Lima,PE,-12.05,-77.04,2008,5,16.98,0.01
Lima,PE,-12.05,-77.04,2008,6,16.65,0.04
Lima,PE,-12.05,-77.04,2008,7,16.49,0.0
Lima,PE,-12.05,-77.04,2008,8,16.7,0.01
Lima,PE,-12.05,-77.04,2008,9,17.19,0.02
Lima,PE,-12.05,-77.04,2008,10,16.97,0.05
Lima,PE,-12.05,-77.04,2008,11,17.41,0.01
Lima,PE,-12.05,-77.04,2008,12,17.81,0.03
Lima,PE,-12.05,-77.04,2008,13,17.69,0.03
Lima,PE,-12.05,-77.04,2009,1,18.93,0.06
Lima,PE,-12.05,-77.04,2009,2,19.61,0.06
Lima,PE,-12.05,-77.04,2009,3,19.5,0.03
Lima,PE,-12.05,-77.04,2009,4,19.13,0.02
Lima,PE,-12.05,-77.04,2009,5,18.06,0.02
Lima,PE,-12.05,-77.04,2009,6,17.13,0.0
Lima,PE,-12.05,-77.04,2009,7,17.29,0.01
Lima,PE,-12.05,-77.04,2009,8,17.17,0.0
Lima,PE,-12.05,-77.04,2009,9,17.43,0.01
Lima,PE,-12.05,-77.04,2009,10,17.58,0.02
Lima,PE,-12.05,-77.04,2009,11,17.93,0.05
Lima,PE,-12.05,-77.04,2009,12,18.65,0.1
Lima,PE,-12.05,-77.04,2009,13,18.19,0.03
Lima,PE,-12.05,-77.04,2010,1,19.83,0.04
Lima,PE,-12.05,-77.04,2010,2,20.77,0.11
Lima,PE,-12.05,-77.04,2010,3,20.48,0.02
Lima,PE,-12.05,-77.04,2010,4,19.46,0.01
Lima,PE,-12.05,-77.04,2010,5,18.42,0.01
Lima,PE,-12.05,-77.04,2010,6,16.9,0.0
Lima,PE,-12.05,-77.04,2010,7,15.9,0.01
Lima,PE,-12.05,-77.04,2010,8,16.25,0.02
Lima,PE,-12.05,-77.04,2010,9,16.69,0.01
Lima,PE,-12.05,-77.04,2010,10,16.83,0.02
Lima,PE,-12.05,-77.04,2010,11,16.9,0.01
Lima,PE,-12.05,-77.04,2010,12,17.6,0.08
Lima,PE,-12.05,-77.04,2010,13,17.99,0.03
Lima,PE,-12.05,-77.04,2011,1,18.6,0.08
Lima,PE,-12.05,-77.04,2011,2,19.59,0.03
Lima,PE,-12.05,-77.04,2011,3,19.15,0.04
Lima,PE,-12.05,-77.04,2011,4,18.79,0.01
Lima,PE,-12.05,-77.04,2011,5,17.89,0.0
Lima,PE,-12.05,-77.04,2011,6,17.36,0.01
Lima,PE,-12.05,-77.04,2011,7,16.33,0.03
Lima,PE,-12.05,-77.04,2011,8,16.72,0.01
Lima,PE,-12.05,-77.04,2011,9,17.19,0.01
Lima,PE,-12.05,-77.04,2011,10,16.32,0.01
Lima,PE,-12.05,-77.04,2011,11,17.42,0.14
Lima,PE,-12.05,-77.04,2011,12,18.15,0.02
Lima,PE,-12.05,-77.04,2011,13,17.78,0.03
Lima,PE,-12.05,-77.04,2012,1,18.96,0.02
Lima,PE,-12.05,-77.04,2012,2,19.62,0.06
Lima,PE,-12.05,-77.04,2012,3,20.21,0.03
Lima,PE,-12.05,-77.04,2012,4,19.44,0.03
Lima,PE,-12.05,-77.04,2012,5,18.48,0.02
Lima,PE,-12.05,-77.04,2012,6,17.69,0.01
Lima,PE,-12.05,-77.04,2012,7,17.27,0.0
Lima,PE,-12.05,-77.04,2012,8,17.03,0.03
Lima,PE,-12.05,-77.04,2012,9,17.7,0.02
Lima,PE,-12.05,-77.04,2012,10,17.42,0.17
Lima,PE,-12.05,-77.04,2012,11,17.98,0.03
Lima,PE,-12.05,-77.04,2012,12,18.35,0.04
Lima,PE,-12.05,-77.04,2012,13,18.34,0.04
Lima,PE,-12.05,-77.04,2013,1,19.62,0.01
Lima,PE,-12.05,-77.04,2013,2,19.85,0.02
Lima,PE,-12.05,-77.04,2013,3,20.23,0.03
Lima,PE,-12.05,-77.04,2013,4,18.99,0.01
Lima,PE,-12.05,-77.04,2013,5,17.75,0.01
Lima,PE,-12.05,-77.04,2013,6,16.8,0.02
Lima,PE,-12.05,-77.04,2013,7,16.24,0.02
Lima,PE,-12.05,-77.04,2013,8,16.4,0.11
Lima,PE,-12.05,-77.04,2013,9,17.23,0.0
Lima,PE,-12.05,-77.04,2013,10,17.36,0.02
Lima,PE,-12.05,-77.04,2013,11,17.38,0.04
Lima,PE,-12.05,-77.04,2013,12,18.57,0.02
Lima,PE,-12.05,-77.04,2013,13,18.02,0.03
Lima,PE,-12.05,-77.04,2014,1,19.58,0.02
Lima,PE,-12.05,-77.04,2014,2,19.74,0.02
Lima,PE,-12.05,-77.04,2014,3,19.66,0.05
Lima,PE,-12.05,-77.04,2014,4,19.21,0.01
Lima,PE,-12.05,-77.04,2014,5,18.19,0.01
Lima,PE,-12.05,-77.04,2014,6,17.9,0.02
Lima,PE,-12.05,-77.04,2014,7,17.5,0.01
Lima,PE,-12.05,-77.04,2014,8,17.33,0.0
Lima,PE,-12.05,-77.04,2014,9,17.47,0.02
Lima,PE,-12.05,-77.04,2014,10,17.94,0.03
Lima,PE,-12.05,-77.04,2014,11,17.91,0.02
Lima,PE,-12.05,-77.04,2014,12,18.55,0.04
Lima,PE,-12.05,-77.04,2014,13,18.41,0.02
Lima,PE,-12.05,-77.04,2015,1,19.37,0.09
Lima,PE,-12.05,-77.04,2015,2,19.96,0.72
Lima,PE,-12.05,-77.04,2015,3,19.99,0.42
Lima,PE,-12.05,-77.04,2015,4,19.79,0.04
Lima,PE,-12.05,-77.04,2015,5,19.07,0.05
Lima,PE,-12.05,-77.04,2015,6,18.7,0.02
Lima,PE,-12.05,-77.04,2015,7,17.69,0.08
Lima,PE,-12.05,-77.04,2015,8,17.81,0.06
Lima,PE,-12.05,-77.04,2015,9,18.41,0.03
Lima,PE,-12.05,-77.04,2015,10,18.65,0.05
Lima,PE,-12.05,-77.04,2015,11,18.71,0.06
Lima,PE,-12.05,-77.04,2015,12,20.14,0.1
Lima,PE,-12.05,-77.04,2015,13,19.02,0.14
Lima,PE,-12.05,-77.04,2016,1,20.42,0.13
Lima,PE,-12.05,-77.04,2016,2,21.24,0.34
Lima,PE,-12.05,-77.04,2016,3,21.36,0.29
Lima,PE,-12.05,-77.04,2016,4,20.16,0.04
Lima,PE,-12.05,-77.04,2016,5,19.04,0.01
Lima,PE,-12.05,-77.04,2016,6,17.5,0.04
Lima,PE,-12.05,-77.04,2016,7,17.03,0.03
Lima,PE,-12.05,-77.04,2016,8,17.5,0.03
Lima,PE,-12.05,-77.04,2016,9,17.85,0.02
Lima,PE,-12.05,-77.04,2016,10,17.86,0.09
Lima,PE,-12.05,-77.04,2016,11,18.17,0.02
Lima,PE,-12.05,-77.04,2016,12,18.75,0.1
Lima,PE,-12.05,-77.04,2016,13,18.9,0.09
Lima,PE,-12.05,-77.04,2017,1,19.81,0.44
Lima,PE,-12.05,-77.04,2017,2,20.47,0.37
Lima,PE,-12.05,-77.04,2017,3,20.72,0.52
Lima,PE,-12.05,-77.04,2017,4,19.94,0.04
Lima,PE,-12.05,-77.04,2017,5,18.59,0.07
Lima,PE,-12.05,-77.04,2017,6,17.42,0.04
Lima,PE,-12.05,-77.04,2017,7,16.99,0.03
Lima,PE,-12.05,-77.04,2017,8,16.89,0.06
Lima,PE,-12.05,-77.04,2017,9,17.48,0.03
Lima,PE,-12.05,-77.04,2017,10,18.06,0.08
Lima,PE,-12.05,-77.04,2017,11,17.61,0.11
Lima,PE,-12.05,-77.04,2017,12,18.47,0.07
Lima,PE,-12.05,-77.04,2017,13,18.53,0.15
Lima,PE,-12.05,-77.04,2018,1,19.11,0.28
Lima,PE,-12.05,-77.04,2018,2,19.38,0.62
Lima,PE,-12.05,-77.04,2018,3,19.78,0.64
Lima,PE,-12.05,-77.04,2018,4,19.1,0.17
Lima,PE,-12.05,-77.04,2018,5,18.01,0.03
Lima,PE,-12.05,-77.04,2018,6,16.95,0.11
Lima,PE,-12.05,-77.04,2018,7,16.82,0.1
Lima,PE,-12.05,-77.04,2018,8,17.22,0.19
Lima,PE,-12.05,-77.04,2018,9,17.51,0.05
Lima,PE,-12.05,-77.04,2018,10,17.54,0.08
Lima,PE,-12.05,-77.04,2018,11,18.3,0.05
Lima,PE,-12.05,-77.04,2018,12,19.16,0.02
Lima,PE,-12.05,-77.04,2018,13,18.23,0.19
Lima,PE,-12.05,-77.04,2019,1,19.95,0.15
Lima,PE,-12.05,-77.04,2019,2,21.1,0.13
Lima,PE,-12.05,-77.04,2019,3,20.54,0.17
Lima,PE,-12.05,-77.04,2019,4,19.72,0.01
Lima,PE,-12.05,-77.04,2019,5,18.47,0.02
Lima,PE,-12.05,-77.04,2019,6,17.59,0.04
Lima,PE,-12.05,-77.04,2019,7,16.98,0.08
Lima,PE,-12.05,-77.04,2019,8,17.28,0.01
Lima,PE,-12.05,-77.04,2019,9,17.53,0.01
Lima,PE,-12.05,-77.04,2019,10,17.62,0.01
Lima,PE,-12.05,-77.04,2019,11,18.45,0.07
Lima,PE,-12.05,-77.04,2019,12,18.95,0.18
Lima,PE,-12.05,-77.04,2019,13,18.67,0.07
Lima,PE,-12.05,-77.04,2020,1,20.06,0.08
Lima,PE,-12.05,-77.04,2020,2,20.58,0.12
Lima,PE,-12.05,-77.04,2020,3,20.37,0.09
Lima,PE,-12.05,-77.04,2020,4,19.7,0.03
Lima,PE,-12.05,-77.04,2020,5,18.81,0.0
Lima,PE,-12.05,-77.04,2020,6,17.15,0.01
Lima,PE,-12.05,-77.04,2020,7,16.53,0.11
Lima,PE,-12.05,-77.04,2020,8,16.79,0.04
Lima,PE,-12.05,-77.04,2020,9,17.35,0.0
Lima,PE,-12.05,-77.04,2020,10,18.27,0.03
Lima,PE,-12.05,-77.04,2020,11,17.85,0.04
Lima,PE,-12.05,-77.04,2020,12,18.41,0.34
Lima,PE,-12.05,-77.04,2020,13,18.48,0.07
Lima,PE,-12.05,-77.04,2021,1,19.33,0.39
Lima,PE,-12.05,-77.04,2021,2,20.16,0.05
Lima,PE,-12.05,-77.04,2021,3,19.83,0.24
Lima,PE,-12.05,-77.04,2021,4,18.88,0.09
Lima,PE,-12.05,-77.04,2021,5,17.82,0.03
Lima,PE,-12.05,-77.04,2021,6,17.29,0.02
Lima,PE,-12.05,-77.04,2021,7,16.95,0.0
Lima,PE,-12.05,-77.04,2021,8,17.08,0.01
Lima,PE,-12.05,-77.04,2021,9,17.1,0.0
Lima,PE,-12.05,-77.04,2021,10,17.42,0.01
Lima,PE,-12.05,-77.04,2021,11,17.33,0.03
Lima,PE,-12.05,-77.04,2021,12,18.13,0.17
Lima,PE,-12.05,-77.04,2021,13,18.1,0.09
Lima,PE,-12.05,-77.04,2022,1,18.98,0.07
Lima,PE,-12.05,-77.04,2022,2,18.69,0.27
Lima,PE,-12.05,-77.04,2022,3,19.19,0.35
Lima,PE,-12.05,-77.04,2022,4,18.4,0.16
Lima,PE,-12.05,-77.04,2022,5,17.56,0.14
Lima,PE,-12.05,-77.04,2022,6,16.12,0.01
Lima,PE,-12.05,-77.04,2022,7,16.4,0.01
Lima,PE,-12.05,-77.04,2022,8,16.46,0.01
Lima,PE,-12.05,-77.04,2022,9,16.81,0.05
Lima,PE,-12.05,-77.04,2022,10,16.8,0.0
Lima,PE,-12.05,-77.04,2022,11,17.69,0.0
Lima,PE,-12.05,-77.04,2022,12,18.34,0.14
Lima,PE,-12.05,-77.04,2022,13,17.62,0.1
Lima,PE,-12.05,-77.04,2023,1,18.87,0.1
Lima,PE,-12.05,-77.04,2023,2,20.24,0.28
Lima,PE,-12.05,-77.04,2023,3,20.26,0.5
Lima,PE,-12.05,-77.04,2023,4,20.57,0.03
Lima,PE,-12.05,-77.04,2023,5,19.79,0.01
Lima,PE,-12.05,-77.04,2023,6,18.8,0.01
Lima,PE,-12.05,-77.04,2023,7,18.7,0.0
Lima,PE,-12.05,-77.04,2023,8,18.9,0.08
Lima,PE,-12.05,-77.04,2023,9,18.94,0.02
Lima,PE,-12.05,-77.04,2023,10,18.67,0.03
Lima,PE,-12.05,-77.04,2023,11,18.96,0.04
Lima,PE,-12.05,-77.04,2023,12,19.7,0.37
Lima,PE,-12.05,-77.04,2023,13,19.36,0.12
Lima,PE,-12.05,-77.04,2024,1,20.78,0.08
Lima,PE,-12.05,-77.04,2024,2,21.26,0.21
Lima,PE,-12.05,-77.04,2024,3,20.8,0.18
Lima,PE,-12.05,-77.04,2024,4,19.89,0.11
Lima,PE,-12.05,-77.04,2024,5,18.78,0.03
Lima,PE,-12.05,-77.04,2024,6,17.51,0.04
Lima,PE,-12.05,-77.04,2024,7,17.33,0.03
Lima,PE,-12.05,-77.04,2024,8,17.41,0.02
Lima,PE,-12.05,-77.04,2024,9,18.28,0.03
Lima,PE,-12.05,-77.04,2024,10,18.52,0.02
Lima,PE,-12.05,-77.04,2024,11,18.11,0.15
Lima,PE,-12.05,-77.04,2024,12,18.61,0.27
Lima,PE,-12.05,-77.04,2024,13,18.93,0.1
Bogota,CO,4.71,-74.07,1981,1,17.9,1.59
Bogota,CO,4.71,-74.07,1981,2,18.43,4.63
Bogota,CO,4.71,-74.07,1981,3,18.68,3.31
Bogota,CO,4.71,-74.07,1981,4,18.63,9.1
Bogota,CO,4.71,-74.07,1981,5,17.87,11.84
Bogota,CO,4.71,-74.07,1981,6,17.71,5.68
Bogota,CO,4.71,-74.07,1981,7,17.2,4.24
Bogota,CO,4.71,-74.07,1981,8,17.89,6.33
Bogota,CO,4.71,-74.07,1981,9,17.67,4.15
Bogota,CO,4.71,-74.07,1981,10,17.73,7.71
Bogota,CO,4.71,-74.07,1981,11,17.83,5.25
Bogota,CO,4.71,-74.07,1981,12,17.85,3.43
Bogota,CO,4.71,-74.07,1981,13,17.95,5.61
Bogota,CO,4.71,-74.07,1982,1,17.17,4.26
Bogota,CO,4.71,-74.07,1982,2,17.84,4.66
Bogota,CO,4.71,-74.07,1982,3,18.33,3.83
Bogota,CO,4.71,-74.07,1982,4,18.13,9.04
Bogota,CO,4.71,-74.07,1982,5,17.94,6.44
Bogota,CO,4.71,-74.07,1982,6,18.03,2.27
Bogota,CO,4.71,-74.07,1982,7,17.38,1.79
Bogota,CO,4.71,-74.07,1982,8,17.94,1.43
Bogota,CO,4.71,-74.07,1982,9,18.62,3.85
Bogota,CO,4.71,-74.07,1982,10,17.68,10.08
Bogota,CO,4.71,-74.07,1982,11,17.78,4.75
Bogota,CO,4.71,-74.07,1982,12,18.21,3.28
Bogota,CO,4.71,-74.07,1982,13,17.92,4.64
Bogota,CO,4.71,-74.07,1983,1,19.74,1.58
Bogota,CO,4.71,-74.07,1983,2,19.61,2.83
Bogota,CO,4.71,-74.07,1983,3,19.73,4.4
Bogota,CO,4.71,-74.07,1983,4,19.03,8.99
Bogota,CO,4.71,-74.07,1983,5,18.59,6.14
Bogota,CO,4.71,-74.07,1983,6,18.29,3.42
Bogota,CO,4.71,-74.07,1983,7,18.29,3.03
Bogota,CO,4.71,-74.07,1983,8,18.76,1.96
Bogota,CO,4.71,-74.07,1983,9,19.12,2.4
Bogota,CO,4.71,-74.07,1983,10,18.17,8.04
Bogota,CO,4.71,-74.07,1983,11,18.24,4.51
Bogota,CO,4.71,-74.07,1983,12,17.57,6.73
Bogota,CO,4.71,-74.07,1983,13,18.76,4.51
Bogota,CO,4.71,-74.07,1984,1,16.93,5.62
Bogota,CO,4.71,-74.07,1984,2,17.8,6.13
Bogota,CO,4.71,-74.07,1984,3,17.93,4.22
Bogota,CO,4.71,-74.07,1984,4,18.33,7.89
Bogota,CO,4.71,-74.07,1984,5,18.03,9.01
Bogota,CO,4.71,-74.07,1984,6,17.42,5.74
Bogota,CO,4.71,-74.07,1984,7,16.99,2.66
Bogota,CO,4.71,-74.07,1984,8,17.93,3.44
Bogota,CO,4.71,-74.07,1984,9,17.53,4.49
Bogota,CO,4.71,-74.07,1984,10,17.39,8.09
Bogota,CO,4.71,-74.07,1984,11,16.84,5.79
Bogota,CO,4.71,-74.07,1984,12,17.73,3.22
Bogota,CO,4.71,-74.07,1984,13,17.57,5.52
Bogota,CO,4.71,-74.07,1985,1,17.18,2.06
Bogota,CO,4.71,-74.07,1985,2,17.88,2.09
Bogota,CO,4.71,-74.07,1985,3,18.9,4.23
Bogota,CO,4.71,-74.07,1985,4,18.47,4.37
Bogota,CO,4.71,-74.07,1985,5,17.92,5.51
Bogota,CO,4.71,-74.07,1985,6,17.51,2.3
Bogota,CO,4.71,-74.07,1985,7,17.45,3.66
Bogota,CO,4.71,-74.07,1985,8,17.75,5.73
Bogota,CO,4.71,-74.07,1985,9,17.76,9.1
Bogota,CO,4.71,-74.07,1985,10,17.25,8.18
Bogota,CO,4.71,-74.07,1985,11,17.32,5.7
Bogota,CO,4.71,-74.07,1985,12,17.25,1.75
Bogota,CO,4.71,-74.07,1985,13,17.72,4.57
Bogota,CO,4.71,-74.07,1986,1,17.93,3.66
Bogota,CO,4.71,-74.07,1986,2,17.35,7.55
Bogota,CO,4.71,-74.07,1986,3,17.75,4.74
Bogota,CO,4.71,-74.07,1986,4,18.34,8.81
Bogota,CO,4.71,-74.07,1986,5,18.31,9.18
Bogota,CO,4.71,-74.07,1986,6,17.3,5.81
Bogota,CO,4.71,-74.07,1986,7,17.2,2.21
Bogota,CO,4.71,-74.07,1986,8,17.97,4.66
Bogota,CO,4.71,-74.07,1986,9,18.12,5.84
Bogota,CO,4.71,-74.07,1986,10,17.12,9.73
Bogota,CO,4.71,-74.07,1986,11,17.53,5.91
Bogota,CO,4.71,-74.07,1986,12,18.02,2.54
Bogota,CO,4.71,-74.07,1986,13,17.75,5.87
Bogota,CO,4.71,-74.07,1987,1,18.56,2.06
Bogota,CO,4.71,-74.07,1987,2,19.52,2.69
Bogota,CO,4.71,-74.07,1987,3,18.95,3.91
Bogota,CO,4.71,-74.07,1987,4,19.05,5.52
Bogota,CO,4.71,-74.07,1987,5,18.26,5.79
Bogota,CO,4.71,-74.07,1987,6,18.43,2.31
Bogota,CO,4.71,-74.07,1987,7,18.47,4.95
Bogota,CO,4.71,-74.07,1987,8,18.43,3.94
Bogota,CO,4.71,-74.07,1987,9,18.59,5.71
Bogota,CO,4.71,-74.07,1987,10,17.87,8.42
Bogota,CO,4.71,-74.07,1987,11,17.91,5.66
Bogota,CO,4.71,-74.07,1987,12,18.63,2.9
Bogota,CO,4.71,-74.07,1987,13,18.55,4.5
Bogota,CO,4.71,-74.07,1988,1,18.55,2.32
Bogota,CO,4.71,-74.07,1988,2,19.09,3.87
Bogota,CO,4.71,-74.07,1988,3,19.07,1.71
Bogota,CO,4.71,-74.07,1988,4,19.01,7.65
Bogota,CO,4.71,-74.07,1988,5,18.78,4.54
Bogota,CO,4.71,-74.07,1988,6,17.68,6.65
Bogota,CO,4.71,-74.07,1988,7,17.21,3.55
Bogota,CO,4.71,-74.07,1988,8,17.71,6.65
Bogota,CO,4.71,-74.07,1988,9,17.55,7.46
Bogota,CO,4.71,-74.07,1988,10,17.68,6.76
Bogota,CO,4.71,-74.07,1988,11,17.53,9.92
Bogota,CO,4.71,-74.07,1988,12,17.04,6.29
Bogota,CO,4.71,-74.07,1988,13,18.07,5.6
Bogota,CO,4.71,-74.07,1989,1,17.78,2.97
Bogota,CO,4.71,-74.07,1989,2,18.03,4.69
Bogota,CO,4.71,-74.07,1989,3,17.15,7.1
Bogota,CO,4.71,-74.07,1989,4,18.92,4.37
Bogota,CO,4.71,-74.07,1989,5,18.02,6.91
Bogota,CO,4.71,-74.07,1989,6,17.41,5.43
Bogota,CO,4.71,-74.07,1989,7,17.19,3.08
Bogota,CO,4.71,-74.07,1989,8,17.62,4.3
Bogota,CO,4.71,-74.07,1989,9,17.88,7.3
Bogota,CO,4.71,-74.07,1989,10,17.85,8.74
Bogota,CO,4.71,-74.07,1989,11,18.04,5.23
Bogota,CO,4.71,-74.07,1989,12,17.43,4.62
Bogota,CO,4.71,-74.07,1989,13,17.77,5.4
Bogota,CO,4.71,-74.07,1990,1,18.37,3.83
Bogota,CO,4.71,-74.07,1990,2,18.02,4.55
Bogota,CO,4.71,-74.07,1990,3,18.76,4.06
Bogota,CO,4.71,-74.07,1990,4,18.71,8.59
Bogota,CO,4.71,-74.07,1990,5,18.17,5.91
Bogota,CO,4.71,-74.07,1990,6,18.01,2.58
Bogota,CO,4.71,-74.07,1990,7,17.56,3.12
Bogota,CO,4.71,-74.07,1990,8,18.01,2.79
Bogota,CO,4.71,-74.07,1990,9,18.34,3.94
Bogota,CO,4.71,-74.07,1990,10,17.82,9.19
Bogota,CO,4.71,-74.07,1990,11,18.12,5.55
Bogota,CO,4.71,-74.07,1990,12,17.63,6.28
Bogota,CO,4.71,-74.07,1990,13,18.13,5.04
Bogota,CO,4.71,-74.07,1991,1,18.1,1.27
Bogota,CO,4.71,-74.07,1991,2,18.88,1.64
Bogota,CO,4.71,-74.07,1991,3,18.64,5.83
Bogota,CO,4.71,-74.07,1991,4,18.47,7.56
Bogota,CO,4.71,-74.07,1991,5,18.29,6.12
Bogota,CO,4.71,-74.07,1991,6,18.31,4.24
Bogota,CO,4.71,-74.07,1991,7,17.73,3.41
Bogota,CO,4.71,-74.07,1991,8,17.41,3.72
Bogota,CO,4.71,-74.07,1991,9,18.07,5.63
Bogota,CO,4.71,-74.07,1991,10,17.63,5.67
Bogota,CO,4.71,-74.07,1991,11,17.96,5.98
Bogota,CO,4.71,-74.07,1991,12,18.13,3.54
Bogota,CO,4.71,-74.07,1991,13,18.13,4.56
Bogota,CO,4.71,-74.07,1992,1,18.49,2.44
Bogota,CO,4.71,-74.07,1992,2,19.13,3.97
Bogota,CO,4.71,-74.07,1992,3,19.6,3.74
Bogota,CO,4.71,-74.07,1992,4,19.27,8.89
Bogota,CO,4.71,-74.07,1992,5,18.98,6.3
Bogota,CO,4.71,-74.07,1992,6,18.28,3.01
Bogota,CO,4.71,-74.07,1992,7,17.38,2.53
Bogota,CO,4.71,-74.07,1992,8,17.94,3.94
Bogota,CO,4.71,-74.07,1992,9,18.01,5.49
Bogota,CO,4.71,-74.07,1992,10,18.43,5.13
Bogota,CO,4.71,-74.07,1992,11,17.75,6.38
Bogota,CO,4.71,-74.07,1992,12,18.05,5.43
Bogota,CO,4.71,-74.07,1992,13,18.44,4.76
Bogota,CO,4.71,-74.07,1993,1,18.22,3.56
Bogota,CO,4.71,-74.07,1993,2,18.53,3.19
Bogota,CO,4.71,-74.07,1993,3,18.42,6.54
Bogota,CO,4.71,-74.07,1993,4,18.64,10.03
Bogota,CO,4.71,-74.07,1993,5,18.28,7.05
Bogota,CO,4.71,-74.07,1993,6,17.96,3.27
Bogota,CO,4.71,-74.07,1993,7,17.61,5.33
Bogota,CO,4.71,-74.07,1993,8,17.85,4.12
Bogota,CO,4.71,-74.07,1993,9,17.88,8.22
Bogota,CO,4.71,-74.07,1993,10,18.08,5.54
Bogota,CO,4.71,-74.07,1993,11,17.49,7.58
Bogota,CO,4.71,-74.07,1993,12,18.04,4.49
Bogota,CO,4.71,-74.07,1993,13,18.08,5.75
Bogota,CO,4.71,-74.07,1994,1,17.89,3.22
Bogota,CO,4.71,-74.07,1994,2,18.34,7.08
Bogota,CO,4.71,-74.07,1994,3,18.51,7.03
Bogota,CO,4.71,-74.07,1994,4,18.57,9.48
Bogota,CO,4.71,-74.07,1994,5,18.18,8.49
Bogota,CO,4.71,-74.07,1994,6,17.58,4.5
Bogota,CO,4.71,-74.07,1994,7,17.42,4.69
Bogota,CO,4.71,-74.07,1994,8,17.76,2.62
Bogota,CO,4.71,-74.07,1994,9,17.82,7.07
Bogota,CO,4.71,-74.07,1994,10,17.61,7.94
Bogota,CO,4.71,-74.07,1994,11,17.78,8.09
Bogota,CO,4.71,-74.07,1994,12,18.22,2.77
Bogota,CO,4.71,-74.07,1994,13,17.97,6.06
Bogota,CO,4.71,-74.07,1995,1,18.23,1.32
Bogota,CO,4.71,-74.07,1995,2,17.82,2.32
Bogota,CO,4.71,-74.07,1995,3,18.62,5.32
Bogota,CO,4.71,-74.07,1995,4,18.94,9.75
Bogota,CO,4.71,-74.07,1995,5,18.14,8.03
Bogota,CO,4.71,-74.07,1995,6,17.85,5.85
Bogota,CO,4.71,-74.07,1995,7,17.69,6.27
Bogota,CO,4.71,-74.07,1995,8,17.89,5.77
Bogota,CO,4.71,-74.07,1995,9,18.03,5.46
Bogota,CO,4.71,-74.07,1995,10,17.84,7.97
Bogota,CO,4.71,-74.07,1995,11,17.84,4.79
Bogota,CO,4.71,-74.07,1995,12,17.64,4.66
Bogota,CO,4.71,-74.07,1995,13,18.04,5.64
Bogota,CO,4.71,-74.07,1996,1,17.61,2.62
Bogota,CO,4.71,-74.07,1996,2,18.4,3.38
Bogota,CO,4.71,-74.07,1996,3,18.41,5.17
Bogota,CO,4.71,-74.07,1996,4,18.61,7.36
Bogota,CO,4.71,-74.07,1996,5,18.08,8.32
Bogota,CO,4.71,-74.07,1996,6,17.84,5.35
Bogota,CO,4.71,-74.07,1996,7,17.28,4.62
Bogota,CO,4.71,-74.07,1996,8,17.68,4.05
Bogota,CO,4.71,-74.07,1996,9,18.07,5.29
Bogota,CO,4.71,-74.07,1996,10,17.93,7.8
Bogota,CO,4.71,-74.07,1996,11,17.59,6.14
Bogota,CO,4.71,-74.07,1996,12,17.99,4.06
Bogota,CO,4.71,-74.07,1996,13,17.95,5.35
Bogota,CO,4.71,-74.07,1997,1,17.31,2.99
Bogota,CO,4.71,-74.07,1997,2,18.52,3.79
Bogota,CO,4.71,-74.07,1997,3,18.85,3.23
Bogota,CO,4.71,-74.07,1997,4,19.0,7.18
Bogota,CO,4.71,-74.07,1997,5,18.53,7.01
Bogota,CO,4.71,-74.07,1997,6,18.09,5.9
Bogota,CO,4.71,-74.07,1997,7,17.74,3.14
Bogota,CO,4.71,-74.07,1997,8,18.03,2.41
Bogota,CO,4.71,-74.07,1997,9,18.6,6.09
Bogota,CO,4.71,-74.07,1997,10,18.93,3.65
Bogota,CO,4.71,-74.07,1997,11,18.25,4.0
Bogota,CO,4.71,-74.07,1997,12,19.67,0.92
Bogota,CO,4.71,-74.07,1997,13,18.46,4.18
Bogota,CO,4.71,-74.07,1998,1,20.11,1.49
Bogota,CO,4.71,-74.07,1998,2,20.41,2.98
Bogota,CO,4.71,-74.07,1998,3,20.69,4.76
Bogota,CO,4.71,-74.07,1998,4,19.92,7.94
Bogota,CO,4.71,-74.07,1998,5,19.09,8.09
Bogota,CO,4.71,-74.07,1998,6,18.38,4.19
Bogota,CO,4.71,-74.07,1998,7,17.94,4.93
Bogota,CO,4.71,-74.07,1998,8,18.28,5.74
Bogota,CO,4.71,-74.07,1998,9,18.52,4.9
Bogota,CO,4.71,-74.07,1998,10,18.32,6.51
Bogota,CO,4.71,-74.07,1998,11,18.06,6.13
Bogota,CO,4.71,-74.07,1998,12,17.73,3.97
Bogota,CO,4.71,-74.07,1998,13,18.94,5.15
Bogota,CO,4.71,-74.07,1999,1,17.87,3.52
Bogota,CO,4.71,-74.07,1999,2,17.95,7.21
Bogota,CO,4.71,-74.07,1999,3,18.34,3.76
Bogota,CO,4.71,-74.07,1999,4,18.23,8.77
Bogota,CO,4.71,-74.07,1999,5,17.87,6.23
Bogota,CO,4.71,-74.07,1999,6,17.55,8.69
Bogota,CO,4.71,-74.07,1999,7,17.41,3.61
Bogota,CO,4.71,-74.07,1999,8,17.31,3.76
Bogota,CO,4.71,-74.07,1999,9,17.57,7.14
Bogota,CO,4.71,-74.07,1999,10,17.29,9.75
Bogota,CO,4.71,-74.07,1999,11,17.35,5.53
Bogota,CO,4.71,-74.07,1999,12,17.65,3.72
Bogota,CO,4.71,-74.07,1999,13,17.7,5.95
Bogota,CO,4.71,-74.07,2000,1,17.35,1.78
Bogota,CO,4.71,-74.07,2000,2,18.01,5.23
Bogota,CO,4.71,-74.07,2000,3,18.13,4.57
Bogota,CO,4.71,-74.07,2000,4,18.3,5.36
Bogota,CO,4.71,-74.07,2000,5,18.0,12.91
Bogota,CO,4.71,-74.07,2000,6,17.68,4.63
Bogota,CO,4.71,-74.07,2000,7,17.23,3.38
Bogota,CO,4.71,-74.07,2000,8,17.67,4.67
Bogota,CO,4.71,-74.07,2000,9,17.77,5.79
Bogota,CO,4.71,-74.07,2000,10,18.08,4.01
Bogota,CO,4.71,-74.07,2000,11,17.54,3.46
Bogota,CO,4.71,-74.07,2000,12,18.19,2.28
Bogota,CO,4.71,-74.07,2000,13,17.83,4.84
Bogota,CO,4.71,-74.07,2001,1,17.96,0.91
Bogota,CO,4.71,-74.07,2001,2,18.62,1.79
Bogota,CO,4.71,-74.07,2001,3,18.93,3.75
Bogota,CO,4.71,-74.07,2001,4,19.09,6.54
Bogota,CO,4.71,-74.07,2001,5,18.75,7.02
Bogota,CO,4.71,-74.07,2001,6,17.98,2.84
Bogota,CO,4.71,-74.07,2001,7,18.02,3.88
Bogota,CO,4.71,-74.07,2001,8,18.19,2.63
Bogota,CO,4.71,-74.07,2001,9,18.49,4.24
Bogota,CO,4.71,-74.07,2001,10,18.95,5.86
Bogota,CO,4.71,-74.07,2001,11,18.5,5.05
Bogota,CO,4.71,-74.07,2001,12,18.77,4.54
Bogota,CO,4.71,-74.07,2001,13,18.52,4.1
Bogota,CO,4.71,-74.07,2002,1,19.27,0.82
Bogota,CO,4.71,-74.07,2002,2,20.03,1.54
Bogota,CO,4.71,-74.07,2002,3,19.89,6.09
Bogota,CO,4.71,-74.07,2002,4,18.64,7.66
Bogota,CO,4.71,-74.07,2002,5,18.8,7.78
Bogota,CO,4.71,-74.07,2002,6,17.71,6.96
Bogota,CO,4.71,-74.07,2002,7,17.8,5.21
Bogota,CO,4.71,-74.07,2002,8,17.94,2.87
Bogota,CO,4.71,-74.07,2002,9,18.71,3.03
Bogota,CO,4.71,-74.07,2002,10,18.55,10.82
Bogota,CO,4.71,-74.07,2002,11,18.29,3.07
Bogota,CO,4.71,-74.07,2002,12,18.99,3.06
Bogota,CO,4.71,-74.07,2002,13,18.71,4.93
Bogota,CO,4.71,-74.07,2003,1,19.69,0.34
Bogota,CO,4.71,-74.07,2003,2,20.35,1.11
Bogota,CO,4.71,-74.07,2003,3,19.83,3.32
Bogota,CO,4.71,-74.07,2003,4,19.26,7.76
Bogota,CO,4.71,-74.07,2003,5,19.05,3.4
Bogota,CO,4.71,-74.07,2003,6,18.18,5.88
Bogota,CO,4.71,-74.07,2003,7,18.49,1.93
Bogota,CO,4.71,-74.07,2003,8,18.66,3.8
Bogota,CO,4.71,-74.07,2003,9,18.93,4.29
Bogota,CO,4.71,-74.07,2003,10,18.83,4.97
Bogota,CO,4.71,-74.07,2003,11,18.54,6.92
Bogota,CO,4.71,-74.07,2003,12,18.39,2.94
Bogota,CO,4.71,-74.07,2003,13,19.01,3.89
Bogota,CO,4.71,-74.07,2004,1,18.65,0.92
Bogota,CO,4.71,-74.07,2004,2,19.46,3.4
Bogota,CO,4.71,-74.07,2004,3,20.37,1.42
Bogota,CO,4.71,-74.07,2004,4,19.25,6.84
Bogota,CO,4.71,-74.07,2004,5,18.53,7.76
Bogota,CO,4.71,-74.07,2004,6,17.64,7.02
Bogota,CO,4.71,-74.07,2004,7,17.38,5.06
Bogota,CO,4.71,-74.07,2004,8,17.91,2.46
Bogota,CO,4.71,-74.07,2004,9,18.68,1.14
Bogota,CO,4.71,-74.07,2004,10,18.66,7.38
Bogota,CO,4.71,-74.07,2004,11,18.4,3.67
Bogota,CO,4.71,-74.07,2004,12,18.57,2.86
Bogota,CO,4.71,-74.07,2004,13,18.62,4.16
Bogota,CO,4.71,-74.07,2005,1,19.03,1.72
Bogota,CO,4.71,-74.07,2005,2,19.86,4.46
Bogota,CO,4.71,-74.07,2005,3,20.63,1.13
Bogota,CO,4.71,-74.07,2005,4,20.04,4.16
Bogota,CO,4.71,-74.07,2005,5,18.91,5.7
Bogota,CO,4.71,-74.07,2005,6,18.77,3.3
Bogota,CO,4.71,-74.07,2005,7,18.62,3.59
Bogota,CO,4.71,-74.07,2005,8,19.12,3.26
Bogota,CO,4.71,-74.07,2005,9,19.75,3.36
Bogota,CO,4.71,-74.07,2005,10,18.71,4.76
Bogota,CO,4.71,-74.07,2005,11,18.21,3.26
Bogota,CO,4.71,-74.07,2005,12,18.28,4.06
Bogota,CO,4.71,-74.07,2005,13,19.15,3.56
Bogota,CO,4.71,-74.07,2006,1,18.87,2.1
Bogota,CO,4.71,-74.07,2006,2,20.2,1.62
Bogota,CO,4.71,-74.07,2006,3,19.55,3.41
Bogota,CO,4.71,-74.07,2006,4,18.81,4.53
Bogota,CO,4.71,-74.07,2006,5,18.52,8.03
Bogota,CO,4.71,-74.07,2006,6,17.94,5.49
Bogota,CO,4.71,-74.07,2006,7,18.29,1.76
Bogota,CO,4.71,-74.07,2006,8,19.22,2.13
Bogota,CO,4.71,-74.07,2006,9,19.48,2.37
Bogota,CO,4.71,-74.07,2006,10,19.09,6.1
Bogota,CO,4.71,-74.07,2006,11,18.64,2.45
Bogota,CO,4.71,-74.07,2006,12,19.18,2.69
Bogota,CO,4.71,-74.07,2006,13,18.98,3.57
Bogota,CO,4.71,-74.07,2007,1,20.78,0.79
Bogota,CO,4.71,-74.07,2007,2,20.23,0.66
Bogota,CO,4.71,-74.07,2007,3,20.16,3.69
Bogota,CO,4.71,-74.07,2007,4,19.22,5.53
Bogota,CO,4.71,-74.07,2007,5,19.03,5.68
Bogota,CO,4.71,-74.07,2007,6,17.87,5.08
Bogota,CO,4.71,-74.07,2007,7,18.51,3.32
Bogota,CO,4.71,-74.07,2007,8,18.49,3.85
Bogota,CO,4.71,-74.07,2007,9,18.9,2.19
Bogota,CO,4.71,-74.07,2007,10,18.48,4.69
Bogota,CO,4.71,-74.07,2007,11,18.73,2.31
Bogota,CO,4.71,-74.07,2007,12,18.39,1.4
Bogota,CO,4.71,-74.07,2007,13,19.06,3.28
Bogota,CO,4.71,-74.07,2008,1,19.68,0.93
Bogota,CO,4.71,-74.07,2008,2,19.93,0.67
Bogota,CO,4.71,-74.07,2008,3,19.41,1.8
Bogota,CO,4.71,-74.07,2008,4,19.69,2.43
Bogota,CO,4.71,-74.07,2008,5,19.34,2.32
Bogota,CO,4.71,-74.07,2008,6,19.47,1.52
Bogota,CO,4.71,-74.07,2008,7,19.01,1.74
Bogota,CO,4.71,-74.07,2008,8,19.64,2.41
Bogota,CO,4.71,-74.07,2008,9,19.84,1.24
Bogota,CO,4.71,-74.07,2008,10,19.1,4.67
Bogota,CO,4.71,-74.07,2008,11,18.38,5.05
Bogota,CO,4.71,-74.07,2008,12,18.51,2.34
Bogota,CO,4.71,-74.07,2008,13,19.33,2.27
Bogota,CO,4.71,-74.07,2009,1,19.27,1.9
Bogota,CO,4.71,-74.07,2009,2,19.59,2.59
Bogota,CO,4.71,-74.07,2009,3,19.21,4.91
Bogota,CO,4.71,-74.07,2009,4,19.27,4.7
Bogota,CO,4.71,-74.07,2009,5,19.12,2.69
Bogota,CO,4.71,-74.07,2009,6,18.47,6.71
Bogota,CO,4.71,-74.07,2009,7,18.6,3.96
Bogota,CO,4.71,-74.07,2009,8,19.36,2.95
Bogota,CO,4.71,-74.07,2009,9,19.93,2.17
Bogota,CO,4.71,-74.07,2009,10,19.4,4.56
Bogota,CO,4.71,-74.07,2009,11,19.28,3.22
Bogota,CO,4.71,-74.07,2009,12,19.91,1.56
Bogota,CO,4.71,-74.07,2009,13,19.28,3.49
Bogota,CO,4.71,-74.07,2010,1,20.78,0.42
Bogota,CO,4.71,-74.07,2010,2,21.9,1.57
Bogota,CO,4.71,-74.07,2010,3,21.15,3.15
Bogota,CO,4.71,-74.07,2010,4,19.57,8.71
Bogota,CO,4.71,-74.07,2010,5,18.98,8.09
Bogota,CO,4.71,-74.07,2010,6,18.34,5.56
Bogota,CO,4.71,-74.07,2010,7,17.97,9.82
Bogota,CO,4.71,-74.07,2010,8,17.93,3.67
Bogota,CO,4.71,-74.07,2010,9,17.94,5.06
Bogota,CO,4.71,-74.07,2010,10,17.9,6.14
Bogota,CO,4.71,-74.07,2010,11,17.38,6.34
Bogota,CO,4.71,-74.07,2010,12,17.53,6.0
Bogota,CO,4.71,-74.07,2010,13,18.93,5.4
Bogota,CO,4.71,-74.07,2011,1,18.14,1.99
Bogota,CO,4.71,-74.07,2011,2,17.97,4.3
Bogota,CO,4.71,-74.07,2011,3,17.83,5.08
Bogota,CO,4.71,-74.07,2011,4,18.05,9.68
Bogota,CO,4.71,-74.07,2011,5,18.06,8.16
Bogota,CO,4.71,-74.07,2011,6,18.17,5.62
Bogota,CO,4.71,-74.07,2011,7,17.6,4.23
Bogota,CO,4.71,-74.07,2011,8,18.02,4.12
Bogota,CO,4.71,-74.07,2011,9,18.08,5.22
Bogota,CO,4.71,-74.07,2011,10,17.33,6.43
Bogota,CO,4.71,-74.07,2011,11,17.52,10.42
Bogota,CO,4.71,-74.07,2011,12,18.04,5.46
Bogota,CO,4.71,-74.07,2011,13,17.9,5.89
Bogota,CO,4.71,-74.07,2012,1,18.05,3.02
Bogota,CO,4.71,-74.07,2012,2,18.13,2.46
Bogota,CO,4.71,-74.07,2012,3,18.5,7.67
Bogota,CO,4.71,-74.07,2012,4,17.8,10.39
Bogota,CO,4.71,-74.07,2012,5,18.08,6.26
Bogota,CO,4.71,-74.07,2012,6,17.84,4.0
Bogota,CO,4.71,-74.07,2012,7,17.91,5.27
Bogota,CO,4.71,-74.07,2012,8,17.92,4.14
Bogota,CO,4.71,-74.07,2012,9,18.07,3.33
Bogota,CO,4.71,-74.07,2012,10,18.04,7.3
Bogota,CO,4.71,-74.07,2012,11,18.51,4.28
Bogota,CO,4.71,-74.07,2012,12,18.16,4.28
Bogota,CO,4.71,-74.07,2012,13,18.08,5.21
Bogota,CO,4.71,-74.07,2013,1,18.95,0.68
Bogota,CO,4.71,-74.07,2013,2,18.64,5.53
Bogota,CO,4.71,-74.07,2013,3,19.2,4.1
Bogota,CO,4.71,-74.07,2013,4,19.2,8.35
Bogota,CO,4.71,-74.07,2013,5,18.4,10.16
Bogota,CO,4.71,-74.07,2013,6,18.01,4.89
Bogota,CO,4.71,-74.07,2013,7,17.75,5.66
Bogota,CO,4.71,-74.07,2013,8,18.03,4.06
Bogota,CO,4.71,-74.07,2013,9,18.44,3.6
Bogota,CO,4.71,-74.07,2013,10,18.37,4.67
Bogota,CO,4.71,-74.07,2013,11,17.79,9.77
Bogota,CO,4.71,-74.07,2013,12,18.21,4.79
Bogota,CO,4.71,-74.07,2013,13,18.41,5.51
Bogota,CO,4.71,-74.07,2014,1,18.67,2.22
Bogota,CO,4.71,-74.07,2014,2,18.83,3.41
Bogota,CO,4.71,-74.07,2014,3,18.67,3.64
Bogota,CO,4.71,-74.07,2014,4,19.2,8.72
Bogota,CO,4.71,-74.07,2014,5,18.77,6.9
Bogota,CO,4.71,-74.07,2014,6,18.2,6.01
Bogota,CO,4.71,-74.07,2014,7,18.09,3.18
Bogota,CO,4.71,-74.07,2014,8,17.95,2.4
Bogota,CO,4.71,-74.07,2014,9,18.68,4.19
Bogota,CO,4.71,-74.07,2014,10,18.25,6.15
Bogota,CO,4.71,-74.07,2014,11,18.3,6.04
Bogota,CO,4.71,-74.07,2014,12,18.24,4.86
Bogota,CO,4.71,-74.07,2014,13,18.48,4.81
Bogota,CO,4.71,-74.07,2015,1,18.26,2.7
Bogota,CO,4.71,-74.07,2015,2,19.02,2.22
Bogota,CO,4.71,-74.07,2015,3,19.15,5.25
Bogota,CO,4.71,-74.07,2015,4,19.07,6.16
Bogota,CO,4.71,-74.07,2015,5,18.99,3.27
Bogota,CO,4.71,-74.07,2015,6,18.24,4.04
Bogota,CO,4.71,-74.07,2015,7,18.45,4.03
Bogota,CO,4.71,-74.07,2015,8,19.27,2.55
Bogota,CO,4.71,-74.07,2015,9,19.58,2.51
Bogota,CO,4.71,-74.07,2015,10,19.79,4.5
Bogota,CO,4.71,-74.07,2015,11,18.78,6.21
Bogota,CO,4.71,-74.07,2015,12,19.91,0.99
Bogota,CO,4.71,-74.07,2015,13,19.04,3.7
Bogota,CO,4.71,-74.07,2016,1,20.79,0.53
Bogota,CO,4.71,-74.07,2016,2,21.44,1.61
Bogota,CO,4.71,-74.07,2016,3,21.08,4.16
Bogota,CO,4.71,-74.07,2016,4,19.54,9.13
Bogota,CO,4.71,-74.07,2016,5,19.31,5.31
Bogota,CO,4.71,-74.07,2016,6,18.47,3.66
Bogota,CO,4.71,-74.07,2016,7,18.58,3.8
Bogota,CO,4.71,-74.07,2016,8,19.08,4.91
Bogota,CO,4.71,-74.07,2016,9,19.05,4.44
Bogota,CO,4.71,-74.07,2016,10,18.96,6.63
Bogota,CO,4.71,-74.07,2016,11,18.33,7.34
Bogota,CO,4.71,-74.07,2016,12,18.39,4.4
Bogota,CO,4.71,-74.07,2016,13,19.41,4.66
Bogota,CO,4.71,-74.07,2017,1,18.22,1.76
Bogota,CO,4.71,-74.07,2017,2,19.05,1.36
Bogota,CO,4.71,-74.07,2017,3,18.58,8.93
Bogota,CO,4.71,-74.07,2017,4,18.94,6.03
Bogota,CO,4.71,-74.07,2017,5,18.56,10.2
Bogota,CO,4.71,-74.07,2017,6,18.32,6.7
Bogota,CO,4.71,-74.07,2017,7,17.98,2.93
Bogota,CO,4.71,-74.07,2017,8,18.56,5.3
Bogota,CO,4.71,-74.07,2017,9,18.83,3.42
Bogota,CO,4.71,-74.07,2017,10,18.57,7.74
Bogota,CO,4.71,-74.07,2017,11,18.3,8.86
Bogota,CO,4.71,-74.07,2017,12,18.25,3.07
Bogota,CO,4.71,-74.07,2017,13,18.51,5.55
Bogota,CO,4.71,-74.07,2018,1,18.31,2.47
Bogota,CO,4.71,-74.07,2018,2,18.7,2.39
Bogota,CO,4.71,-74.07,2018,3,19.16,3.51
Bogota,CO,4.71,-74.07,2018,4,18.01,9.22
Bogota,CO,4.71,-74.07,2018,5,18.39,9.83
Bogota,CO,4.71,-74.07,2018,6,17.9,6.5
Bogota,CO,4.71,-74.07,2018,7,17.99,5.75
Bogota,CO,4.71,-74.07,2018,8,17.51,4.73
Bogota,CO,4.71,-74.07,2018,9,18.33,4.47
Bogota,CO,4.71,-74.07,2018,10,18.25,6.77
Bogota,CO,4.71,-74.07,2018,11,18.62,5.62
Bogota,CO,4.71,-74.07,2018,12,18.3,1.11
Bogota,CO,4.71,-74.07,2018,13,18.29,5.21
Bogota,CO,4.71,-74.07,2019,1,18.93,1.6
Bogota,CO,4.71,-74.07,2019,2,19.58,2.95
Bogota,CO,4.71,-74.07,2019,3,19.17,6.65
Bogota,CO,4.71,-74.07,2019,4,19.07,7.69
Bogota,CO,4.71,-74.07,2019,5,18.96,10.5
Bogota,CO,4.71,-74.07,2019,6,18.35,5.88
Bogota,CO,4.71,-74.07,2019,7,18.0,4.84
Bogota,CO,4.71,-74.07,2019,8,18.2,3.17
Bogota,CO,4.71,-74.07,2019,9,18.71,4.39
Bogota,CO,4.71,-74.07,2019,10,18.62,7.75
Bogota,CO,4.71,-74.07,2019,11,18.49,7.89
Bogota,CO,4.71,-74.07,2019,12,19.1,2.58
Bogota,CO,4.71,-74.07,2019,13,18.76,5.5
Bogota,CO,4.71,-74.07,2020,1,18.85,0.76
Bogota,CO,4.71,-74.07,2020,2,19.27,4.57
Bogota,CO,4.71,-74.07,2020,3,19.38,3.42
Bogota,CO,4.71,-74.07,2020,4,19.68,5.2
Bogota,CO,4.71,-74.07,2020,5,19.65,4.54
Bogota,CO,4.71,-74.07,2020,6,18.53,10.42
Bogota,CO,4.71,-74.07,2020,7,18.29,6.62
Bogota,CO,4.71,-74.07,2020,8,18.79,3.91
Bogota,CO,4.71,-74.07,2020,9,18.95,3.98
Bogota,CO,4.71,-74.07,2020,10,19.17,1.96
Bogota,CO,4.71,-74.07,2020,11,18.61,2.37
Bogota,CO,4.71,-74.07,2020,12,19.32,3.68
Bogota,CO,4.71,-74.07,2020,13,19.04,4.27
Bogota,CO,4.71,-74.07,2021,1,18.84,3.39
Bogota,CO,4.71,-74.07,2021,2,19.62,3.51
Bogota,CO,4.71,-74.07,2021,3,18.69,4.26
Bogota,CO,4.71,-74.07,2021,4,19.2,5.89
Bogota,CO,4.71,-74.07,2021,5,19.16,1.74
Bogota,CO,4.71,-74.07,2021,6,18.36,6.56
Bogota,CO,4.71,-74.07,2021,7,18.63,1.86
Bogota,CO,4.71,-74.07,2021,8,19.18,2.29
Bogota,CO,4.71,-74.07,2021,9,19.14,4.83
Bogota,CO,4.71,-74.07,2021,10,19.62,3.11
Bogota,CO,4.71,-74.07,2021,11,19.26,2.88
Bogota,CO,4.71,-74.07,2021,12,19.74,2.11
Bogota,CO,4.71,-74.07,2021,13,19.12,3.52
Bogota,CO,4.71,-74.07,2022,1,19.45,1.85
Bogota,CO,4.71,-74.07,2022,2,19.29,4.7
Bogota,CO,4.71,-74.07,2022,3,18.86,6.45
Bogota,CO,4.71,-74.07,2022,4,18.88,8.67
Bogota,CO,4.71,-74.07,2022,5,18.72,10.29
Bogota,CO,4.71,-74.07,2022,6,17.94,6.91
Bogota,CO,4.71,-74.07,2022,7,18.19,7.36
Bogota,CO,4.71,-74.07,2022,8,18.12,5.24
Bogota,CO,4.71,-74.07,2022,9,18.67,4.5
Bogota,CO,4.71,-74.07,2022,10,18.32,8.15
Bogota,CO,4.71,-74.07,2022,11,17.98,5.97
Bogota,CO,4.71,-74.07,2022,12,18.0,2.28
Bogota,CO,4.71,-74.07,2022,13,18.53,6.04
Bogota,CO,4.71,-74.07,2023,1,17.54,5.85
Bogota,CO,4.71,-74.07,2023,2,18.75,1.93
Bogota,CO,4.71,-74.07,2023,3,18.51,5.33
Bogota,CO,4.71,-74.07,2023,4,18.6,7.27
Bogota,CO,4.71,-74.07,2023,5,19.26,7.13
Bogota,CO,4.71,-74.07,2023,6,18.43,5.06
Bogota,CO,4.71,-74.07,2023,7,18.77,4.88
Bogota,CO,4.71,-74.07,2023,8,18.87,4.25
Bogota,CO,4.71,-74.07,2023,9,19.59,4.65
Bogota,CO,4.71,-74.07,2023,10,19.39,6.48
Bogota,CO,4.71,-74.07,2023,11,19.18,5.67
Bogota,CO,4.71,-74.07,2023,12,19.54,4.32
Bogota,CO,4.71,-74.07,2023,13,18.87,5.26
Bogota,CO,4.71,-74.07,2024,1,20.02,0.62
Bogota,CO,4.71,-74.07,2024,2,20.72,2.34
Bogota,CO,4.71,-74.07,2024,3,21.39,2.58
Bogota,CO,4.71,-74.07,2024,4,20.54,7.44
Bogota,CO,4.71,-74.07,2024,5,19.73,11.99
Bogota,CO,4.71,-74.07,2024,6,19.02,8.27
Bogota,CO,4.71,-74.07,2024,7,18.71,4.15
Bogota,CO,4.71,-74.07,2024,8,18.97,1.92
Bogota,CO,4.71,-74.07,2024,9,19.77,2.87
Bogota,CO,4.71,-74.07,2024,10,19.45,5.74
Bogota,CO,4.71,-74.07,2024,11,18.59,6.53
Bogota,CO,4.71,-74.07,2024,12,19.18,5.08
Bogota,CO,4.71,-74.07,2024,13,19.67,4.96
Sao Paulo,BR,-23.55,-46.63,1981,1,21.83,8.07
Sao Paulo,BR,-23.55,-46.63,1981,2,22.41,3.85
Sao Paulo,BR,-23.55,-46.63,1981,3,20.95,5.12
Sao Paulo,BR,-23.55,-46.63,1981,4,18.45,3.33
Sao Paulo,BR,-23.55,-46.63,1981,5,17.95,1.46
Sao Paulo,BR,-23.55,-46.63,1981,6,14.47,2.45
Sao Paulo,BR,-23.55,-46.63,1981,7,13.15,2.17
Sao Paulo,BR,-23.55,-46.63,1981,8,16.32,1.08
Sao Paulo,BR,-23.55,-46.63,1981,9,19.58,1.1
Sao Paulo,BR,-23.55,-46.63,1981,10,18.39,6.19
Sao Paulo,BR,-23.55,-46.63,1981,11,21.19,6.02
Sao Paulo,BR,-23.55,-46.63,1981,12,20.72,5.58
Sao Paulo,BR,-23.55,-46.63,1981,13,18.76,3.88
Sao Paulo,BR,-23.55,-46.63,1982,1,20.34,8.75
Sao Paulo,BR,-23.55,-46.63,1982,2,22.13,8.58
Sao Paulo,BR,-23.55,-46.63,1982,3,20.41,5.78
Sao Paulo,BR,-23.55,-46.63,1982,4,17.46,3.13
Sao Paulo,BR,-23.55,-46.63,1982,5,16.07,2.08
Sao Paulo,BR,-23.55,-46.63,1982,6,17.06,6.51
Sao Paulo,BR,-23.55,-46.63,1982,7,16.08,1.79
Sao Paulo,BR,-23.55,-46.63,1982,8,17.46,2.07
Sao Paulo,BR,-23.55,-46.63,1982,9,17.48,1.52
Sao Paulo,BR,-23.55,-46.63,1982,10,19.17,6.87
Sao Paulo,BR,-23.55,-46.63,1982,11,21.4,7.12
Sao Paulo,BR,-23.55,-46.63,1982,12,20.12,9.32
Sao Paulo,BR,-23.55,-46.63,1982,13,18.74,5.27
Sao Paulo,BR,-23.55,-46.63,1983,1,21.8,9.7
Sao Paulo,BR,-23.55,-46.63,1983,2,21.85,10.11
Sao Paulo,BR,-23.55,-46.63,1983,3,20.31,8.41
Sao Paulo,BR,-23.55,-46.63,1983,4,19.23,7.4
Sao Paulo,BR,-23.55,-46.63,1983,5,18.37,7.74
Sao Paulo,BR,-23.55,-46.63,1983,6,15.24,7.94
Sao Paulo,BR,-23.55,-46.63,1983,7,16.0,1.41
Sao Paulo,BR,-23.55,-46.63,1983,8,15.84,0.8
Sao Paulo,BR,-23.55,-46.63,1983,9,16.25,8.72
Sao Paulo,BR,-23.55,-46.63,1983,10,18.15,6.26
Sao Paulo,BR,-23.55,-46.63,1983,11,20.25,4.2
Sao Paulo,BR,-23.55,-46.63,1983,12,20.73,8.11
Sao Paulo,BR,-23.55,-46.63,1983,13,18.65,6.7
Sao Paulo,BR,-23.55,-46.63,1984,1,22.61,7.54
Sao Paulo,BR,-23.55,-46.63,1984,2,23.22,2.07
Sao Paulo,BR,-23.55,-46.63,1984,3,20.87,3.57
Sao Paulo,BR,-23.55,-46.63,1984,4,18.98,4.13
Sao Paulo,BR,-23.55,-46.63,1984,5,19.09,2.72
Sao Paulo,BR,-23.55,-46.63,1984,6,16.93,0.23
Sao Paulo,BR,-23.55,-46.63,1984,7,16.04,1.14
Sao Paulo,BR,-23.55,-46.63,1984,8,15.5,4.17
Sao Paulo,BR,-23.55,-46.63,1984,9,16.81,4.77
Sao Paulo,BR,-23.55,-46.63,1984,10,20.59,1.37
Sao Paulo,BR,-23.55,-46.63,1984,11,20.79,4.17
Sao Paulo,BR,-23.55,-46.63,1984,12,20.71,6.36
Sao Paulo,BR,-23.55,-46.63,1984,13,19.33,3.53
Sao Paulo,BR,-23.55,-46.63,1985,1,20.48,6.8
Sao Paulo,BR,-23.55,-46.63,1985,2,22.28,8.29
Sao Paulo,BR,-23.55,-46.63,1985,3,21.64,6.18
Sao Paulo,BR,-23.55,-46.63,1985,4,20.12,4.34
Sao Paulo,BR,-23.55,-46.63,1985,5,16.76,2.36
Sao Paulo,BR,-23.55,-46.63,1985,6,13.92,1.16
Sao Paulo,BR,-23.55,-46.63,1985,7,14.18,0.24
Sao Paulo,BR,-23.55,-46.63,1985,8,17.53,0.97
Sao Paulo,BR,-23.55,-46.63,1985,9,17.73,3.3
Sao Paulo,BR,-23.55,-46.63,1985,10,20.25,1.59
Sao Paulo,BR,-23.55,-46.63,1985,11,21.09,4.17
Sao Paulo,BR,-23.55,-46.63,1985,12,21.98,3.8
Sao Paulo,BR,-23.55,-46.63,1985,13,18.98,3.57
Sao Paulo,BR,-23.55,-46.63,1986,1,23.3,5.41
Sao Paulo,BR,-23.55,-46.63,1986,2,21.79,9.99
Sao Paulo,BR,-23.55,-46.63,1986,3,21.33,8.74
Sao Paulo,BR,-23.55,-46.63,1986,4,20.23,3.44
Sao Paulo,BR,-23.55,-46.63,1986,5,18.27,3.93
Sao Paulo,BR,-23.55,-46.63,1986,6,15.24,0.59
Sao Paulo,BR,-23.55,-46.63,1986,7,14.66,2.67
Sao Paulo,BR,-23.55,-46.63,1986,8,17.04,3.82
Sao Paulo,BR,-23.55,-46.63,1986,9,17.18,2.35
Sao Paulo,BR,-23.55,-46.63,1986,10,18.75,2.44
Sao Paulo,BR,-23.55,-46.63,1986,11,21.25,6.38
Sao Paulo,BR,-23.55,-46.63,1986,12,20.86,11.41
Sao Paulo,BR,-23.55,-46.63,1986,13,19.14,5.08
Sao Paulo,BR,-23.55,-46.63,1987,1,22.31,11.26
Sao Paulo,BR,-23.55,-46.63,1987,2,21.22,6.41
Sao Paulo,BR,-23.55,-46.63,1987,3,20.35,4.16
Sao Paulo,BR,-23.55,-46.63,1987,4,20.23,3.98
Sao Paulo,BR,-23.55,-46.63,1987,5,16.37,7.35
Sao Paulo,BR,-23.55,-46.63,1987,6,14.12,6.27
Sao Paulo,BR,-23.55,-46.63,1987,7,16.3,0.85
Sao Paulo,BR,-23.55,-46.63,1987,8,15.1,0.96
Sao Paulo,BR,-23.55,-46.63,1987,9,16.52,2.93
Sao Paulo,BR,-23.55,-46.63,1987,10,19.03,3.63
Sao Paulo,BR,-23.55,-46.63,1987,11,20.21,3.0
Sao Paulo,BR,-23.55,-46.63,1987,12,21.42,5.77
Sao Paulo,BR,-23.55,-46.63,1987,13,18.59,4.71
Sao Paulo,BR,-23.55,-46.63,1988,1,23.3,8.46
Sao Paulo,BR,-23.55,-46.63,1988,2,21.02,10.73
Sao Paulo,BR,-23.55,-46.63,1988,3,21.07,5.84
Sao Paulo,BR,-23.55,-46.63,1988,4,19.4,5.96
Sao Paulo,BR,-23.55,-46.63,1988,5,16.94,6.74
Sao Paulo,BR,-23.55,-46.63,1988,6,13.47,2.2
Sao Paulo,BR,-23.55,-46.63,1988,7,12.38,0.54
Sao Paulo,BR,-23.55,-46.63,1988,8,15.9,0.23
Sao Paulo,BR,-23.55,-46.63,1988,9,18.09,2.19
Sao Paulo,BR,-23.55,-46.63,1988,10,18.24,5.83
Sao Paulo,BR,-23.55,-46.63,1988,11,19.18,2.97
Sao Paulo,BR,-23.55,-46.63,1988,12,21.61,7.84
Sao Paulo,BR,-23.55,-46.63,1988,13,18.38,4.95
Sao Paulo,BR,-23.55,-46.63,1989,1,21.63,9.67
Sao Paulo,BR,-23.55,-46.63,1989,2,21.63,10.25
Sao Paulo,BR,-23.55,-46.63,1989,3,21.26,5.75
Sao Paulo,BR,-23.55,-46.63,1989,4,19.71,3.55
Sao Paulo,BR,-23.55,-46.63,1989,5,16.03,2.39
Sao Paulo,BR,-23.55,-46.63,1989,6,14.8,2.3
Sao Paulo,BR,-23.55,-46.63,1989,7,13.53,6.15
Sao Paulo,BR,-23.55,-46.63,1989,8,15.28,1.32
Sao Paulo,BR,-23.55,-46.63,1989,9,16.7,3.38
Sao Paulo,BR,-23.55,-46.63,1989,10,16.74,2.6
Sao Paulo,BR,-23.55,-46.63,1989,11,19.3,3.98
Sao Paulo,BR,-23.55,-46.63,1989,12,20.6,5.28
Sao Paulo,BR,-23.55,-46.63,1989,13,18.08,4.69
Sao Paulo,BR,-23.55,-46.63,1990,1,22.46,9.0
Sao Paulo,BR,-23.55,-46.63,1990,2,22.08,4.69
Sao Paulo,BR,-23.55,-46.63,1990,3,22.14,7.19
Sao Paulo,BR,-23.55,-46.63,1990,4,21.1,3.77
Sao Paulo,BR,-23.55,-46.63,1990,5,16.25,2.24
Sao Paulo,BR,-23.55,-46.63,1990,6,14.9,1.43
Sao Paulo,BR,-23.55,-46.63,1990,7,13.81,4.52
Sao Paulo,BR,-23.55,-46.63,1990,8,14.88,1.97
Sao Paulo,BR,-23.55,-46.63,1990,9,15.98,3.08
Sao Paulo,BR,-23.55,-46.63,1990,10,20.32,3.43
Sao Paulo,BR,-23.55,-46.63,1990,11,22.07,3.67
Sao Paulo,BR,-23.55,-46.63,1990,12,21.47,4.25
Sao Paulo,BR,-23.55,-46.63,1990,13,18.93,4.11
Sao Paulo,BR,-23.55,-46.63,1991,1,21.45,9.23
Sao Paulo,BR,-23.55,-46.63,1991,2,21.21,9.04
Sao Paulo,BR,-23.55,-46.63,1991,3,20.56,12.64
Sao Paulo,BR,-23.55,-46.63,1991,4,18.9,4.71
Sao Paulo,BR,-23.55,-46.63,1991,5,16.92,1.87
Sao Paulo,BR,-23.55,-46.63,1991,6,16.08,3.03
Sao Paulo,BR,-23.55,-46.63,1991,7,14.49,1.09
Sao Paulo,BR,-23.55,-46.63,1991,8,15.99,1.31
Sao Paulo,BR,-23.55,-46.63,1991,9,16.42,3.8
Sao Paulo,BR,-23.55,-46.63,1991,10,19.01,4.77
Sao Paulo,BR,-23.55,-46.63,1991,11,20.65,2.67
Sao Paulo,BR,-23.55,-46.63,1991,12,21.86,6.74
Sao Paulo,BR,-23.55,-46.63,1991,13,18.61,5.06
Sao Paulo,BR,-23.55,-46.63,1992,1,21.7,5.11
Sao Paulo,BR,-23.55,-46.63,1992,2,21.94,4.71
Sao Paulo,BR,-23.55,-46.63,1992,3,21.02,7.71
Sao Paulo,BR,-23.55,-46.63,1992,4,19.01,2.44
Sao Paulo,BR,-23.55,-46.63,1992,5,18.1,3.21
Sao Paulo,BR,-23.55,-46.63,1992,6,16.86,0.33
Sao Paulo,BR,-23.55,-46.63,1992,7,14.6,1.86
Sao Paulo,BR,-23.55,-46.63,1992,8,15.37,1.3
Sao Paulo,BR,-23.55,-46.63,1992,9,16.94,4.67
Sao Paulo,BR,-23.55,-46.63,1992,10,19.19,6.2
Sao Paulo,BR,-23.55,-46.63,1992,11,19.5,7.44
Sao Paulo,BR,-23.55,-46.63,1992,12,20.08,5.23
Sao Paulo,BR,-23.55,-46.63,1992,13,18.68,4.19
Sao Paulo,BR,-23.55,-46.63,1993,1,21.93,8.04
Sao Paulo,BR,-23.55,-46.63,1993,2,20.98,8.89
Sao Paulo,BR,-23.55,-46.63,1993,3,21.32,5.16
Sao Paulo,BR,-23.55,-46.63,1993,4,20.18,3.12
Sao Paulo,BR,-23.55,-46.63,1993,5,16.7,3.64
Sao Paulo,BR,-23.55,-46.63,1993,6,14.59,2.53
Sao Paulo,BR,-23.55,-46.63,1993,7,15.35,0.75
Sao Paulo,BR,-23.55,-46.63,1993,8,15.12,1.63
Sao Paulo,BR,-23.55,-46.63,1993,9,17.15,6.93
Sao Paulo,BR,-23.55,-46.63,1993,10,20.08,3.55
Sao Paulo,BR,-23.55,-46.63,1993,11,21.84,2.85
Sao Paulo,BR,-23.55,-46.63,1993,12,21.56,4.74
Sao Paulo,BR,-23.55,-46.63,1993,13,18.89,4.29
Sao Paulo,BR,-23.55,-46.63,1994,1,21.41,7.52
Sao Paulo,BR,-23.55,-46.63,1994,2,23.29,8.43
Sao Paulo,BR,-23.55,-46.63,1994,3,20.52,6.69
Sao Paulo,BR,-23.55,-46.63,1994,4,19.29,3.61
Sao Paulo,BR,-23.55,-46.63,1994,5,18.43,1.99
Sao Paulo,BR,-23.55,-46.63,1994,6,14.97,1.93
Sao Paulo,BR,-23.55,-46.63,1994,7,15.62,1.45
Sao Paulo,BR,-23.55,-46.63,1994,8,16.18,0.38
Sao Paulo,BR,-23.55,-46.63,1994,9,19.15,1.01
Sao Paulo,BR,-23.55,-46.63,1994,10,21.33,3.58
Sao Paulo,BR,-23.55,-46.63,1994,11,21.36,4.0
Sao Paulo,BR,-23.55,-46.63,1994,12,22.35,8.06
Sao Paulo,BR,-23.55,-46.63,1994,13,19.47,4.03
Sao Paulo,BR,-23.55,-46.63,1995,1,22.8,9.69
Sao Paulo,BR,-23.55,-46.63,1995,2,22.13,13.57
Sao Paulo,BR,-23.55,-46.63,1995,3,20.92,7.9
Sao Paulo,BR,-23.55,-46.63,1995,4,18.85,2.55
Sao Paulo,BR,-23.55,-46.63,1995,5,16.66,2.42
Sao Paulo,BR,-23.55,-46.63,1995,6,15.26,2.09
Sao Paulo,BR,-23.55,-46.63,1995,7,16.17,2.11
Sao Paulo,BR,-23.55,-46.63,1995,8,17.75,1.33
Sao Paulo,BR,-23.55,-46.63,1995,9,17.78,3.08
Sao Paulo,BR,-23.55,-46.63,1995,10,18.43,6.69
Sao Paulo,BR,-23.55,-46.63,1995,11,20.12,3.78
Sao Paulo,BR,-23.55,-46.63,1995,12,20.91,7.27
Sao Paulo,BR,-23.55,-46.63,1995,13,18.97,5.16
Sao Paulo,BR,-23.55,-46.63,1996,1,22.63,8.26
Sao Paulo,BR,-23.55,-46.63,1996,2,22.13,9.94
Sao Paulo,BR,-23.55,-46.63,1996,3,21.3,10.05
Sao Paulo,BR,-23.55,-46.63,1996,4,19.42,3.17
Sao Paulo,BR,-23.55,-46.63,1996,5,16.13,1.6
Sao Paulo,BR,-23.55,-46.63,1996,6,14.46,1.95
Sao Paulo,BR,-23.55,-46.63,1996,7,13.35,0.84
Sao Paulo,BR,-23.55,-46.63,1996,8,15.22,1.25
Sao Paulo,BR,-23.55,-46.63,1996,9,16.81,5.66
Sao Paulo,BR,-23.55,-46.63,1996,10,19.29,5.05
Sao Paulo,BR,-23.55,-46.63,1996,11,19.59,3.58
Sao Paulo,BR,-23.55,-46.63,1996,12,21.74,7.63
Sao Paulo,BR,-23.55,-46.63,1996,13,18.5,4.9
Sao Paulo,BR,-23.55,-46.63,1997,1,21.72,11.47
Sao Paulo,BR,-23.55,-46.63,1997,2,21.98,4.77
Sao Paulo,BR,-23.55,-46.63,1997,3,19.78,2.79
Sao Paulo,BR,-23.55,-46.63,1997,4,18.38,1.75
Sao Paulo,BR,-23.55,-46.63,1997,5,16.33,3.01
Sao Paulo,BR,-23.55,-46.63,1997,6,15.26,4.08
Sao Paulo,BR,-23.55,-46.63,1997,7,15.97,0.51
Sao Paulo,BR,-23.55,-46.63,1997,8,16.34,1.81
Sao Paulo,BR,-23.55,-46.63,1997,9,18.89,4.57
Sao Paulo,BR,-23.55,-46.63,1997,10,19.91,4.13
Sao Paulo,BR,-23.55,-46.63,1997,11,21.51,7.71
Sao Paulo,BR,-23.55,-46.63,1997,12,22.67,5.52
Sao Paulo,BR,-23.55,-46.63,1997,13,19.04,4.34
Sao Paulo,BR,-23.55,-46.63,1998,1,23.48,6.07
Sao Paulo,BR,-23.55,-46.63,1998,2,23.1,9.62
Sao Paulo,BR,-23.55,-46.63,1998,3,22.04,6.02
Sao Paulo,BR,-23.55,-46.63,1998,4,20.02,2.31
Sao Paulo,BR,-23.55,-46.63,1998,5,16.33,3.56
Sao Paulo,BR,-23.55,-46.63,1998,6,14.5,0.77
Sao Paulo,BR,-23.55,-46.63,1998,7,15.62,0.82
Sao Paulo,BR,-23.55,-46.63,1998,8,18.19,1.4
Sao Paulo,BR,-23.55,-46.63,1998,9,18.78,3.72
Sao Paulo,BR,-23.55,-46.63,1998,10,18.86,6.07
Sao Paulo,BR,-23.55,-46.63,1998,11,19.65,1.93
Sao Paulo,BR,-23.55,-46.63,1998,12,21.97,7.14
Sao Paulo,BR,-23.55,-46.63,1998,13,19.36,4.1
Sao Paulo,BR,-23.55,-46.63,1999,1,22.53,10.33
Sao Paulo,BR,-23.55,-46.63,1999,2,22.52,9.37
Sao Paulo,BR,-23.55,-46.63,1999,3,21.58,3.95
Sao Paulo,BR,-23.55,-46.63,1999,4,18.91,2.12
Sao Paulo,BR,-23.55,-46.63,1999,5,15.7,1.55
Sao Paulo,BR,-23.55,-46.63,1999,6,15.01,2.56
Sao Paulo,BR,-23.55,-46.63,1999,7,15.6,1.4
Sao Paulo,BR,-23.55,-46.63,1999,8,15.88,0.52
Sao Paulo,BR,-23.55,-46.63,1999,9,17.24,36.61
Sao Paulo,BR,-23.55,-46.63,1999,10,17.29,2.07
Sao Paulo,BR,-23.55,-46.63,1999,11,18.42,1.87
Sao Paulo,BR,-23.55,-46.63,1999,12,21.48,4.01
Sao Paulo,BR,-23.55,-46.63,1999,13,18.49,6.29
Sao Paulo,BR,-23.55,-46.63,2000,1,21.61,8.14
Sao Paulo,BR,-23.55,-46.63,2000,2,21.57,8.22
Sao Paulo,BR,-23.55,-46.63,2000,3,20.63,4.42
Sao Paulo,BR,-23.55,-46.63,2000,4,18.93,0.45
Sao Paulo,BR,-23.55,-46.63,2000,5,16.33,0.53
Sao Paulo,BR,-23.55,-46.63,2000,6,16.74,0.43
Sao Paulo,BR,-23.55,-46.63,2000,7,14.16,1.84
Sao Paulo,BR,-23.55,-46.63,2000,8,16.44,2.42
Sao Paulo,BR,-23.55,-46.63,2000,9,17.77,3.58
Sao Paulo,BR,-23.55,-46.63,2000,10,22.29,2.07
Sao Paulo,BR,-23.55,-46.63,2000,11,20.92,6.52
Sao Paulo,BR,-23.55,-46.63,2000,12,21.59,7.58
Sao Paulo,BR,-23.55,-46.63,2000,13,19.07,3.84
Sao Paulo,BR,-23.55,-46.63,2001,1,22.44,6.04
Sao Paulo,BR,-23.55,-46.63,2001,2,22.74,6.16
Sao Paulo,BR,-23.55,-46.63,2001,3,22.2,4.54
Sao Paulo,BR,-23.55,-46.63,2001,4,20.82,1.59
Sao Paulo,BR,-23.55,-46.63,2001,5,16.53,3.05
Sao Paulo,BR,-23.55,-46.63,2001,6,16.25,1.0
Sao Paulo,BR,-23.55,-46.63,2001,7,15.91,1.54
Sao Paulo,BR,-23.55,-46.63,2001,8,17.92,1.25
Sao Paulo,BR,-23.55,-46.63,2001,9,18.47,2.67
Sao Paulo,BR,-23.55,-46.63,2001,10,19.51,5.46
Sao Paulo,BR,-23.55,-46.63,2001,11,21.35,4.62
Sao Paulo,BR,-23.55,-46.63,2001,12,21.02,7.49
Sao Paulo,BR,-23.55,-46.63,2001,13,19.57,3.78
Sao Paulo,BR,-23.55,-46.63,2002,1,22.0,8.54
Sao Paulo,BR,-23.55,-46.63,2002,2,20.99,6.54
Sao Paulo,BR,-23.55,-46.63,2002,3,22.68,4.15
Sao Paulo,BR,-23.55,-46.63,2002,4,21.17,1.94
Sao Paulo,BR,-23.55,-46.63,2002,5,18.31,2.61
Sao Paulo,BR,-23.55,-46.63,2002,6,17.48,0.82
Sao Paulo,BR,-23.55,-46.63,2002,7,15.78,1.0
Sao Paulo,BR,-23.55,-46.63,2002,8,19.37,1.63
Sao Paulo,BR,-23.55,-46.63,2002,9,17.77,2.02
Sao Paulo,BR,-23.55,-46.63,2002,10,23.23,2.75
Sao Paulo,BR,-23.55,-46.63,2002,11,21.55,6.33
Sao Paulo,BR,-23.55,-46.63,2002,12,22.46,4.73
Sao Paulo,BR,-23.55,-46.63,2002,13,20.23,3.57
Sao Paulo,BR,-23.55,-46.63,2003,1,22.42,9.37
Sao Paulo,BR,-23.55,-46.63,2003,2,23.6,4.4
Sao Paulo,BR,-23.55,-46.63,2003,3,21.41,4.79
Sao Paulo,BR,-23.55,-46.63,2003,4,19.85,1.79
Sao Paulo,BR,-23.55,-46.63,2003,5,16.34,1.3
Sao Paulo,BR,-23.55,-46.63,2003,6,17.68,0.55
Sao Paulo,BR,-23.55,-46.63,2003,7,16.41,1.09
Sao Paulo,BR,-23.55,-46.63,2003,8,15.74,0.99
Sao Paulo,BR,-23.55,-46.63,2003,9,18.58,1.31
Sao Paulo,BR,-23.55,-46.63,2003,10,20.0,3.74
Sao Paulo,BR,-23.55,-46.63,2003,11,20.64,5.47
Sao Paulo,BR,-23.55,-46.63,2003,12,22.11,4.4
Sao Paulo,BR,-23.55,-46.63,2003,13,19.54,3.27
Sao Paulo,BR,-23.55,-46.63,2004,1,21.11,7.73
Sao Paulo,BR,-23.55,-46.63,2004,2,20.79,7.24
Sao Paulo,BR,-23.55,-46.63,2004,3,19.97,3.84
Sao Paulo,BR,-23.55,-46.63,2004,4,20.12,3.98
Sao Paulo,BR,-23.55,-46.63,2004,5,16.18,3.31
Sao Paulo,BR,-23.55,-46.63,2004,6,15.44,2.27
Sao Paulo,BR,-23.55,-46.63,2004,7,14.88,3.03
Sao Paulo,BR,-23.55,-46.63,2004,8,16.25,0.25
Sao Paulo,BR,-23.55,-46.63,2004,9,20.42,0.81
Sao Paulo,BR,-23.55,-46.63,2004,10,18.92,4.19
Sao Paulo,BR,-23.55,-46.63,2004,11,20.46,6.61
Sao Paulo,BR,-23.55,-46.63,2004,12,20.87,6.75
Sao Paulo,BR,-23.55,-46.63,2004,13,18.77,4.16
Sao Paulo,BR,-23.55,-46.63,2005,1,21.89,8.96
Sao Paulo,BR,-23.55,-46.63,2005,2,21.16,3.51
Sao Paulo,BR,-23.55,-46.63,2005,3,21.65,4.87
Sao Paulo,BR,-23.55,-46.63,2005,4,20.71,4.59
Sao Paulo,BR,-23.55,-46.63,2005,5,17.86,4.8
Sao Paulo,BR,-23.55,-46.63,2005,6,17.04,0.9
Sao Paulo,BR,-23.55,-46.63,2005,7,15.45,1.36
Sao Paulo,BR,-23.55,-46.63,2005,8,18.18,0.78
Sao Paulo,BR,-23.55,-46.63,2005,9,17.61,4.37
Sao Paulo,BR,-23.55,-46.63,2005,10,21.16,4.97
Sao Paulo,BR,-23.55,-46.63,2005,11,20.14,3.75
Sao Paulo,BR,-23.55,-46.63,2005,12,20.54,5.87
Sao Paulo,BR,-23.55,-46.63,2005,13,19.44,4.07
Sao Paulo,BR,-23.55,-46.63,2006,1,22.51,6.25
Sao Paulo,BR,-23.55,-46.63,2006,2,22.35,6.43
Sao Paulo,BR,-23.55,-46.63,2006,3,21.96,6.34
Sao Paulo,BR,-23.55,-46.63,2006,4,18.93,1.98
Sao Paulo,BR,-23.55,-46.63,2006,5,15.44,0.87
Sao Paulo,BR,-23.55,-46.63,2006,6,16.01,0.71
Sao Paulo,BR,-23.55,-46.63,2006,7,16.52,2.53
Sao Paulo,BR,-23.55,-46.63,2006,8,17.69,0.53
Sao Paulo,BR,-23.55,-46.63,2006,9,18.04,3.94
Sao Paulo,BR,-23.55,-46.63,2006,10,19.91,2.92
Sao Paulo,BR,-23.55,-46.63,2006,11,20.99,6.21
Sao Paulo,BR,-23.55,-46.63,2006,12,22.18,6.86
Sao Paulo,BR,-23.55,-46.63,2006,13,19.36,3.78
Sao Paulo,BR,-23.55,-46.63,2007,1,22.06,6.45
Sao Paulo,BR,-23.55,-46.63,2007,2,22.27,5.6
Sao Paulo,BR,-23.55,-46.63,2007,3,22.11,4.84
Sao Paulo,BR,-23.55,-46.63,2007,4,20.61,3.04
Sao Paulo,BR,-23.55,-46.63,2007,5,16.39,2.51
Sao Paulo,BR,-23.55,-46.63,2007,6,16.07,1.24
Sao Paulo,BR,-23.55,-46.63,2007,7,14.6,4.9
Sao Paulo,BR,-23.55,-46.63,2007,8,16.87,0.21
Sao Paulo,BR,-23.55,-46.63,2007,9,19.72,0.72
Sao Paulo,BR,-23.55,-46.63,2007,10,21.32,2.92
Sao Paulo,BR,-23.55,-46.63,2007,11,20.5,5.09
Sao Paulo,BR,-23.55,-46.63,2007,12,22.17,5.36
Sao Paulo,BR,-23.55,-46.63,2007,13,19.54,3.57
Sao Paulo,BR,-23.55,-46.63,2008,1,21.28,8.59
Sao Paulo,BR,-23.55,-46.63,2008,2,21.61,6.49
Sao Paulo,BR,-23.55,-46.63,2008,3,20.81,4.5
Sao Paulo,BR,-23.55,-46.63,2008,4,19.62,4.42
Sao Paulo,BR,-23.55,-46.63,2008,5,15.85,2.95
Sao Paulo,BR,-23.55,-46.63,2008,6,15.73,2.31
Sao Paulo,BR,-23.55,-46.63,2008,7,15.46,0.58
Sao Paulo,BR,-23.55,-46.63,2008,8,17.55,3.15
Sao Paulo,BR,-23.55,-46.63,2008,9,17.23,2.31
Sao Paulo,BR,-23.55,-46.63,2008,10,20.24,4.62
Sao Paulo,BR,-23.55,-46.63,2008,11,19.87,4.13
Sao Paulo,BR,-23.55,-46.63,2008,12,20.6,6.59
Sao Paulo,BR,-23.55,-46.63,2008,13,18.81,4.22
Sao Paulo,BR,-23.55,-46.63,2009,1,21.59,8.43
Sao Paulo,BR,-23.55,-46.63,2009,2,22.39,8.52
Sao Paulo,BR,-23.55,-46.63,2009,3,21.74,4.63
Sao Paulo,BR,-23.55,-46.63,2009,4,19.28,2.86
Sao Paulo,BR,-23.55,-46.63,2009,5,17.75,1.58
Sao Paulo,BR,-23.55,-46.63,2009,6,14.21,2.04
Sao Paulo,BR,-23.55,-46.63,2009,7,15.86,5.96
Sao Paulo,BR,-23.55,-46.63,2009,8,16.8,2.33
Sao Paulo,BR,-23.55,-46.63,2009,9,19.24,5.91
Sao Paulo,BR,-23.55,-46.63,2009,10,19.45,4.14
Sao Paulo,BR,-23.55,-46.63,2009,11,22.9,5.93
Sao Paulo,BR,-23.55,-46.63,2009,12,21.59,8.96
Sao Paulo,BR,-23.55,-46.63,2009,13,19.38,5.09
Sao Paulo,BR,-23.55,-46.63,2010,1,22.28,12.47
Sao Paulo,BR,-23.55,-46.63,2010,2,23.0,8.21
Sao Paulo,BR,-23.55,-46.63,2010,3,21.54,4.5
Sao Paulo,BR,-23.55,-46.63,2010,4,18.85,4.99
Sao Paulo,BR,-23.55,-46.63,2010,5,16.75,1.72
Sao Paulo,BR,-23.55,-46.63,2010,6,14.72,0.67
Sao Paulo,BR,-23.55,-46.63,2010,7,16.26,3.26
Sao Paulo,BR,-23.55,-46.63,2010,8,15.48,0.5
Sao Paulo,BR,-23.55,-46.63,2010,9,18.29,3.37
Sao Paulo,BR,-23.55,-46.63,2010,10,18.32,2.89
Sao Paulo,BR,-23.55,-46.63,2010,11,20.3,4.61
Sao Paulo,BR,-23.55,-46.63,2010,12,21.87,8.54
Sao Paulo,BR,-23.55,-46.63,2010,13,18.95,4.63
Sao Paulo,BR,-23.55,-46.63,2011,1,22.82,10.87
Sao Paulo,BR,-23.55,-46.63,2011,2,22.7,9.29
Sao Paulo,BR,-23.55,-46.63,2011,3,20.74,5.19
Sao Paulo,BR,-23.55,-46.63,2011,4,19.94,3.76
Sao Paulo,BR,-23.55,-46.63,2011,5,16.18,1.2
Sao Paulo,BR,-23.55,-46.63,2011,6,14.14,1.64
Sao Paulo,BR,-23.55,-46.63,2011,7,16.08,0.59
Sao Paulo,BR,-23.55,-46.63,2011,8,16.95,1.84
Sao Paulo,BR,-23.55,-46.63,2011,9,17.46,0.48
Sao Paulo,BR,-23.55,-46.63,2011,10,19.95,4.6
Sao Paulo,BR,-23.55,-46.63,2011,11,19.4,3.72
Sao Paulo,BR,-23.55,-46.63,2011,12,21.56,4.31
Sao Paulo,BR,-23.55,-46.63,2011,13,18.98,3.93
Sao Paulo,BR,-23.55,-46.63,2012,1,20.76,7.6
Sao Paulo,BR,-23.55,-46.63,2012,2,22.83,3.68
Sao Paulo,BR,-23.55,-46.63,2012,3,21.47,2.53
Sao Paulo,BR,-23.55,-46.63,2012,4,20.61,3.39
Sao Paulo,BR,-23.55,-46.63,2012,5,16.93,1.16
Sao Paulo,BR,-23.55,-46.63,2012,6,16.88,4.59
Sao Paulo,BR,-23.55,-46.63,2012,7,15.88,3.81
Sao Paulo,BR,-23.55,-46.63,2012,8,17.47,0.06
Sao Paulo,BR,-23.55,-46.63,2012,9,19.81,0.74
Sao Paulo,BR,-23.55,-46.63,2012,10,22.38,3.17
Sao Paulo,BR,-23.55,-46.63,2012,11,20.77,3.13
Sao Paulo,BR,-23.55,-46.63,2012,12,23.71,9.54
Sao Paulo,BR,-23.55,-46.63,2012,13,19.95,3.62
Sao Paulo,BR,-23.55,-46.63,2013,1,21.09,5.52
Sao Paulo,BR,-23.55,-46.63,2013,2,22.42,6.49
Sao Paulo,BR,-23.55,-46.63,2013,3,21.01,4.85
Sao Paulo,BR,-23.55,-46.63,2013,4,18.58,2.85
Sao Paulo,BR,-23.55,-46.63,2013,5,17.35,1.76
Sao Paulo,BR,-23.55,-46.63,2013,6,16.92,4.04
Sao Paulo,BR,-23.55,-46.63,2013,7,15.07,1.94
Sao Paulo,BR,-23.55,-46.63,2013,8,16.26,0.24
Sao Paulo,BR,-23.55,-46.63,2013,9,18.65,2.31
Sao Paulo,BR,-23.55,-46.63,2013,10,19.33,3.19
Sao Paulo,BR,-23.55,-46.63,2013,11,20.88,4.95
Sao Paulo,BR,-23.55,-46.63,2013,12,22.5,2.73
Sao Paulo,BR,-23.55,-46.63,2013,13,19.15,3.38
Sao Paulo,BR,-23.55,-46.63,2014,1,24.21,3.5
Sao Paulo,BR,-23.55,-46.63,2014,2,24.93,2.91
Sao Paulo,BR,-23.55,-46.63,2014,3,22.38,3.47
Sao Paulo,BR,-23.55,-46.63,2014,4,20.36,2.39
Sao Paulo,BR,-23.55,-46.63,2014,5,18.13,1.64
Sao Paulo,BR,-23.55,-46.63,2014,6,17.46,0.9
Sao Paulo,BR,-23.55,-46.63,2014,7,16.49,0.71
Sao Paulo,BR,-23.55,-46.63,2014,8,17.87,0.95
Sao Paulo,BR,-23.55,-46.63,2014,9,20.53,1.83
Sao Paulo,BR,-23.55,-46.63,2014,10,21.8,0.82
Sao Paulo,BR,-23.55,-46.63,2014,11,21.56,4.18
Sao Paulo,BR,-23.55,-46.63,2014,12,22.86,5.13
Sao Paulo,BR,-23.55,-46.63,2014,13,20.69,2.37
Sao Paulo,BR,-23.55,-46.63,2015,1,23.99,4.34
Sao Paulo,BR,-23.55,-46.63,2015,2,22.28,4.56
Sao Paulo,BR,-23.55,-46.63,2015,3,21.28,5.41
Sao Paulo,BR,-23.55,-46.63,2015,4,19.99,2.0
Sao Paulo,BR,-23.55,-46.63,2015,5,17.74,1.7
Sao Paulo,BR,-23.55,-46.63,2015,6,16.82,0.57
Sao Paulo,BR,-23.55,-46.63,2015,7,16.76,2.34
Sao Paulo,BR,-23.55,-46.63,2015,8,19.0,1.06
Sao Paulo,BR,-23.55,-46.63,2015,9,20.72,5.78
Sao Paulo,BR,-23.55,-46.63,2015,10,22.16,3.01
Sao Paulo,BR,-23.55,-46.63,2015,11,21.86,8.09
Sao Paulo,BR,-23.55,-46.63,2015,12,22.67,6.45
Sao Paulo,BR,-23.55,-46.63,2015,13,20.43,3.77
Sao Paulo,BR,-23.55,-46.63,2016,1,22.13,5.49
Sao Paulo,BR,-23.55,-46.63,2016,2,22.98,6.61
Sao Paulo,BR,-23.55,-46.63,2016,3,21.96,5.65
Sao Paulo,BR,-23.55,-46.63,2016,4,21.59,0.15
Sao Paulo,BR,-23.55,-46.63,2016,5,17.3,2.78
Sao Paulo,BR,-23.55,-46.63,2016,6,14.12,4.54
Sao Paulo,BR,-23.55,-46.63,2016,7,15.6,0.18
Sao Paulo,BR,-23.55,-46.63,2016,8,17.51,1.56
Sao Paulo,BR,-23.55,-46.63,2016,9,18.43,0.77
Sao Paulo,BR,-23.55,-46.63,2016,10,20.47,3.21
Sao Paulo,BR,-23.55,-46.63,2016,11,20.72,4.32
Sao Paulo,BR,-23.55,-46.63,2016,12,22.44,4.28
Sao Paulo,BR,-23.55,-46.63,2016,13,19.6,3.29
Sao Paulo,BR,-23.55,-46.63,2017,1,22.41,10.18
Sao Paulo,BR,-23.55,-46.63,2017,2,22.89,3.42
Sao Paulo,BR,-23.55,-46.63,2017,3,21.15,5.24
Sao Paulo,BR,-23.55,-46.63,2017,4,19.31,4.38
Sao Paulo,BR,-23.55,-46.63,2017,5,17.87,4.79
Sao Paulo,BR,-23.55,-46.63,2017,6,16.12,3.22
Sao Paulo,BR,-23.55,-46.63,2017,7,14.73,0.2
Sao Paulo,BR,-23.55,-46.63,2017,8,16.52,2.12
Sao Paulo,BR,-23.55,-46.63,2017,9,20.32,0.9
Sao Paulo,BR,-23.55,-46.63,2017,10,21.8,2.82
Sao Paulo,BR,-23.55,-46.63,2017,11,20.42,4.96
Sao Paulo,BR,-23.55,-46.63,2017,12,22.28,3.75
Sao Paulo,BR,-23.55,-46.63,2017,13,19.63,3.84
Sao Paulo,BR,-23.55,-46.63,2018,1,22.27,5.14
Sao Paulo,BR,-23.55,-46.63,2018,2,21.74,2.81
Sao Paulo,BR,-23.55,-46.63,2018,3,22.95,4.52
Sao Paulo,BR,-23.55,-46.63,2018,4,20.52,1.12
Sao Paulo,BR,-23.55,-46.63,2018,5,18.47,0.42
Sao Paulo,BR,-23.55,-46.63,2018,6,18.04,0.56
Sao Paulo,BR,-23.55,-46.63,2018,7,18.33,0.36
Sao Paulo,BR,-23.55,-46.63,2018,8,16.88,1.37
Sao Paulo,BR,-23.55,-46.63,2018,9,19.63,2.2
Sao Paulo,BR,-23.55,-46.63,2018,10,20.36,4.48
Sao Paulo,BR,-23.55,-46.63,2018,11,21.24,4.48
Sao Paulo,BR,-23.55,-46.63,2018,12,23.1,3.55
Sao Paulo,BR,-23.55,-46.63,2018,13,20.29,2.59
Sao Paulo,BR,-23.55,-46.63,2019,1,24.42,6.45
Sao Paulo,BR,-23.55,-46.63,2019,2,22.43,8.56
Sao Paulo,BR,-23.55,-46.63,2019,3,21.79,5.01
Sao Paulo,BR,-23.55,-46.63,2019,4,21.04,3.74
Sao Paulo,BR,-23.55,-46.63,2019,5,19.25,1.53
Sao Paulo,BR,-23.55,-46.63,2019,6,17.43,0.98
Sao Paulo,BR,-23.55,-46.63,2019,7,15.73,2.8
Sao Paulo,BR,-23.55,-46.63,2019,8,17.24,0.34
Sao Paulo,BR,-23.55,-46.63,2019,9,20.35,2.01
Sao Paulo,BR,-23.55,-46.63,2019,10,22.5,0.96
Sao Paulo,BR,-23.55,-46.63,2019,11,21.68,5.53
Sao Paulo,BR,-23.55,-46.63,2019,12,22.42,4.34
Sao Paulo,BR,-23.55,-46.63,2019,13,20.51,3.48
Sao Paulo,BR,-23.55,-46.63,2020,1,22.44,6.26
Sao Paulo,BR,-23.55,-46.63,2020,2,21.66,12.33
Sao Paulo,BR,-23.55,-46.63,2020,3,20.57,4.69
Sao Paulo,BR,-23.55,-46.63,2020,4,18.4,1.04
Sao Paulo,BR,-23.55,-46.63,2020,5,15.78,1.55
Sao Paulo,BR,-23.55,-46.63,2020,6,17.37,4.84
Sao Paulo,BR,-23.55,-46.63,2020,7,16.5,1.47
Sao Paulo,BR,-23.55,-46.63,2020,8,16.88,1.99
Sao Paulo,BR,-23.55,-46.63,2020,9,21.64,0.62
Sao Paulo,BR,-23.55,-46.63,2020,10,21.84,2.49
Sao Paulo,BR,-23.55,-46.63,2020,11,21.01,2.39
Sao Paulo,BR,-23.55,-46.63,2020,12,22.92,4.3
Sao Paulo,BR,-23.55,-46.63,2020,13,19.74,3.63
Sao Paulo,BR,-23.55,-46.63,2021,1,23.41,4.05
Sao Paulo,BR,-23.55,-46.63,2021,2,22.68,4.44
Sao Paulo,BR,-23.55,-46.63,2021,3,22.82,3.3
Sao Paulo,BR,-23.55,-46.63,2021,4,19.5,1.29
Sao Paulo,BR,-23.55,-46.63,2021,5,17.82,1.28
Sao Paulo,BR,-23.55,-46.63,2021,6,16.71,0.78
Sao Paulo,BR,-23.55,-46.63,2021,7,14.89,0.85
Sao Paulo,BR,-23.55,-46.63,2021,8,18.31,1.13
Sao Paulo,BR,-23.55,-46.63,2021,9,21.38,0.83
Sao Paulo,BR,-23.55,-46.63,2021,10,19.84,4.31
Sao Paulo,BR,-23.55,-46.63,2021,11,21.36,2.36
Sao Paulo,BR,-23.55,-46.63,2021,12,21.66,5.62
Sao Paulo,BR,-23.55,-46.63,2021,13,20.01,2.52
Sao Paulo,BR,-23.55,-46.63,2022,1,22.41,9.38
Sao Paulo,BR,-23.55,-46.63,2022,2,22.0,2.71
Sao Paulo,BR,-23.55,-46.63,2022,3,22.35,6.69
Sao Paulo,BR,-23.55,-46.63,2022,4,19.98,1.26
Sao Paulo,BR,-23.55,-46.63,2022,5,16.38,1.75
Sao Paulo,BR,-23.55,-46.63,2022,6,16.09,1.02
Sao Paulo,BR,-23.55,-46.63,2022,7,18.16,0.42
Sao Paulo,BR,-23.55,-46.63,2022,8,16.73,1.25
Sao Paulo,BR,-23.55,-46.63,2022,9,17.4,4.11
Sao Paulo,BR,-23.55,-46.63,2022,10,21.02,3.66
Sao Paulo,BR,-23.55,-46.63,2022,11,19.31,5.03
Sao Paulo,BR,-23.55,-46.63,2022,12,21.22,7.39
Sao Paulo,BR,-23.55,-46.63,2022,13,19.41,3.74
Sao Paulo,BR,-23.55,-46.63,2023,1,21.67,6.88
Sao Paulo,BR,-23.55,-46.63,2023,2,22.06,7.74
Sao Paulo,BR,-23.55,-46.63,2023,3,21.98,5.46
Sao Paulo,BR,-23.55,-46.63,2023,4,19.0,3.07
Sao Paulo,BR,-23.55,-46.63,2023,5,17.16,1.03
Sao Paulo,BR,-23.55,-46.63,2023,6,15.61,1.32
Sao Paulo,BR,-23.55,-46.63,2023,7,16.14,0.31
Sao Paulo,BR,-23.55,-46.63,2023,8,18.73,1.07
Sao Paulo,BR,-23.55,-46.63,2023,9,22.43,2.21
Sao Paulo,BR,-23.55,-46.63,2023,10,21.65,7.25
Sao Paulo,BR,-23.55,-46.63,2023,11,23.59,3.73
Sao Paulo,BR,-23.55,-46.63,2023,12,24.66,1.48
Sao Paulo,BR,-23.55,-46.63,2023,13,20.38,3.44
Sao Paulo,BR,-23.55,-46.63,2024,1,23.85,5.9
Sao Paulo,BR,-23.55,-46.63,2024,2,23.87,4.44
Sao Paulo,BR,-23.55,-46.63,2024,3,23.46,3.38
Sao Paulo,BR,-23.55,-46.63,2024,4,22.63,0.99
Sao Paulo,BR,-23.55,-46.63,2024,5,20.9,1.46
Sao Paulo,BR,-23.55,-46.63,2024,6,18.84,0.38
Sao Paulo,BR,-23.55,-46.63,2024,7,17.26,1.36
Sao Paulo,BR,-23.55,-46.63,2024,8,18.47,1.11
Sao Paulo,BR,-23.55,-46.63,2024,9,22.59,0.74
Sao Paulo,BR,-23.55,-46.63,2024,10,21.63,3.33
Sao Paulo,BR,-23.55,-46.63,2024,11,22.05,4.23
Sao Paulo,BR,-23.55,-46.63,2024,12,22.8,5.48
Sao Paulo,BR,-23.55,-46.63,2024,13,21.52,2.74
Manaus,BR,-3.1,-60.02,1981,1,25.45,9.77
Manaus,BR,-3.1,-60.02,1981,2,25.23,7.46
Manaus,BR,-3.1,-60.02,1981,3,26.38,5.86
Manaus,BR,-3.1,-60.02,1981,4,26.0,7.2
Manaus,BR,-3.1,-60.02,1981,5,25.94,5.14
Manaus,BR,-3.1,-60.02,1981,6,25.72,3.22
Manaus,BR,-3.1,-60.02,1981,7,25.46,1.76
Manaus,BR,-3.1,-60.02,1981,8,27.34,3.12
Manaus,BR,-3.1,-60.02,1981,9,27.29,3.65
Manaus,BR,-3.1,-60.02,1981,10,28.75,1.8
Manaus,BR,-3.1,-60.02,1981,11,27.38,8.5
Manaus,BR,-3.1,-60.02,1981,12,26.16,5.31
Manaus,BR,-3.1,-60.02,1981,13,26.43,5.21
Manaus,BR,-3.1,-60.02,1982,1,25.63,10.76
Manaus,BR,-3.1,-60.02,1982,2,25.42,12.38
Manaus,BR,-3.1,-60.02,1982,3,25.73,8.75
Manaus,BR,-3.1,-60.02,1982,4,25.6,9.12
Manaus,BR,-3.1,-60.02,1982,5,25.71,7.06
Manaus,BR,-3.1,-60.02,1982,6,25.69,1.65
Manaus,BR,-3.1,-60.02,1982,7,25.55,1.91
Manaus,BR,-3.1,-60.02,1982,8,27.11,1.0
Manaus,BR,-3.1,-60.02,1982,9,28.63,2.98
Manaus,BR,-3.1,-60.02,1982,10,28.9,2.09
Manaus,BR,-3.1,-60.02,1982,11,27.83,3.58
Manaus,BR,-3.1,-60.02,1982,12,26.64,7.53
Manaus,BR,-3.1,-60.02,1982,13,26.54,5.69
Manaus,BR,-3.1,-60.02,1983,1,28.16,1.79
Manaus,BR,-3.1,-60.02,1983,2,27.49,4.49
Manaus,BR,-3.1,-60.02,1983,3,26.91,12.15
Manaus,BR,-3.1,-60.02,1983,4,26.21,7.61
Manaus,BR,-3.1,-60.02,1983,5,26.58,5.48
Manaus,BR,-3.1,-60.02,1983,6,26.4,3.99
Manaus,BR,-3.1,-60.02,1983,7,27.11,2.52
Manaus,BR,-3.1,-60.02,1983,8,27.46,4.04
Manaus,BR,-3.1,-60.02,1983,9,28.98,3.22
Manaus,BR,-3.1,-60.02,1983,10,27.58,6.07
Manaus,BR,-3.1,-60.02,1983,11,27.31,3.93
Manaus,BR,-3.1,-60.02,1983,12,25.71,9.68
Manaus,BR,-3.1,-60.02,1983,13,27.15,5.43
Manaus,BR,-3.1,-60.02,1984,1,25.15,9.35
Manaus,BR,-3.1,-60.02,1984,2,25.24,12.43
Manaus,BR,-3.1,-60.02,1984,3,25.83,8.65
Manaus,BR,-3.1,-60.02,1984,4,25.52,8.11
Manaus,BR,-3.1,-60.02,1984,5,25.73,8.56
Manaus,BR,-3.1,-60.02,1984,6,25.64,4.1
Manaus,BR,-3.1,-60.02,1984,7,25.36,3.55
Manaus,BR,-3.1,-60.02,1984,8,25.99,1.87
Manaus,BR,-3.1,-60.02,1984,9,26.2,5.09
Manaus,BR,-3.1,-60.02,1984,10,26.95,4.82
Manaus,BR,-3.1,-60.02,1984,11,26.49,4.27
Manaus,BR,-3.1,-60.02,1984,12,25.97,7.2
Manaus,BR,-3.1,-60.02,1984,13,25.84,6.48
Manaus,BR,-3.1,-60.02,1985,1,25.39,9.2
Manaus,BR,-3.1,-60.02,1985,2,25.37,10.08
Manaus,BR,-3.1,-60.02,1985,3,25.86,9.73
Manaus,BR,-3.1,-60.02,1985,4,25.77,6.46
Manaus,BR,-3.1,-60.02,1985,5,25.52,11.39
Manaus,BR,-3.1,-60.02,1985,6,24.83,5.3
Manaus,BR,-3.1,-60.02,1985,7,24.93,4.55
Manaus,BR,-3.1,-60.02,1985,8,25.84,3.36
Manaus,BR,-3.1,-60.02,1985,9,26.43,2.84
Manaus,BR,-3.1,-60.02,1985,10,26.74,4.33
Manaus,BR,-3.1,-60.02,1985,11,26.24,4.66
Manaus,BR,-3.1,-60.02,1985,12,25.5,10.97
Manaus,BR,-3.1,-60.02,1985,13,25.7,6.9
Manaus,BR,-3.1,-60.02,1986,1,25.12,8.18
Manaus,BR,-3.1,-60.02,1986,2,25.27,10.86
Manaus,BR,-3.1,-60.02,1986,3,25.39,9.79
Manaus,BR,-3.1,-60.02,1986,4,25.67,9.13
Manaus,BR,-3.1,-60.02,1986,5,25.46,6.46
Manaus,BR,-3.1,-60.02,1986,6,25.07,4.48
Manaus,BR,-3.1,-60.02,1986,7,24.93,5.48
Manaus,BR,-3.1,-60.02,1986,8,26.1,0.56
Manaus,BR,-3.1,-60.02,1986,9,26.63,4.0
Manaus,BR,-3.1,-60.02,1986,10,26.69,7.93
Manaus,BR,-3.1,-60.02,1986,11,26.28,8.89
Manaus,BR,-3.1,-60.02,1986,12,25.96,7.32
Manaus,BR,-3.1,-60.02,1986,13,25.72,6.89
Manaus,BR,-3.1,-60.02,1987,1,25.41,10.47
Manaus,BR,-3.1,-60.02,1987,2,25.98,10.64
Manaus,BR,-3.1,-60.02,1987,3,25.96,9.79
Manaus,BR,-3.1,-60.02,1987,4,25.76,11.99
Manaus,BR,-3.1,-60.02,1987,5,25.95,6.22
Manaus,BR,-3.1,-60.02,1987,6,26.0,2.93
Manaus,BR,-3.1,-60.02,1987,7,26.36,1.52
Manaus,BR,-3.1,-60.02,1987,8,26.97,3.3
Manaus,BR,-3.1,-60.02,1987,9,28.19,3.26
Manaus,BR,-3.1,-60.02,1987,10,28.64,2.39
Manaus,BR,-3.1,-60.02,1987,11,28.6,3.18
Manaus,BR,-3.1,-60.02,1987,12,27.96,6.11
Manaus,BR,-3.1,-60.02,1987,13,26.82,5.95
Manaus,BR,-3.1,-60.02,1988,1,25.78,11.1
Manaus,BR,-3.1,-60.02,1988,2,26.37,14.21
Manaus,BR,-3.1,-60.02,1988,3,26.39,8.61
Manaus,BR,-3.1,-60.02,1988,4,26.17,9.3
Manaus,BR,-3.1,-60.02,1988,5,25.96,10.69
Manaus,BR,-3.1,-60.02,1988,6,25.43,7.69
Manaus,BR,-3.1,-60.02,1988,7,25.46,3.52
Manaus,BR,-3.1,-60.02,1988,8,26.61,1.51
Manaus,BR,-3.1,-60.02,1988,9,26.98,3.48
Manaus,BR,-3.1,-60.02,1988,10,27.0,5.91
Manaus,BR,-3.1,-60.02,1988,11,26.2,7.78
Manaus,BR,-3.1,-60.02,1988,12,25.8,8.68
Manaus,BR,-3.1,-60.02,1988,13,26.18,7.68
Manaus,BR,-3.1,-60.02,1989,1,25.36,8.04
Manaus,BR,-3.1,-60.02,1989,2,25.11,10.47
Manaus,BR,-3.1,-60.02,1989,3,25.42,9.42
Manaus,BR,-3.1,-60.02,1989,4,25.84,10.61
Manaus,BR,-3.1,-60.02,1989,5,25.45,11.7
Manaus,BR,-3.1,-60.02,1989,6,25.6,6.79
Manaus,BR,-3.1,-60.02,1989,7,25.04,3.65
Manaus,BR,-3.1,-60.02,1989,8,26.08,1.95
Manaus,BR,-3.1,-60.02,1989,9,26.98,4.12
Manaus,BR,-3.1,-60.02,1989,10,26.99,5.86
Manaus,BR,-3.1,-60.02,1989,11,26.79,8.95
Manaus,BR,-3.1,-60.02,1989,12,26.55,7.81
Manaus,BR,-3.1,-60.02,1989,13,25.94,7.42
Manaus,BR,-3.1,-60.02,1990,1,25.79,8.06
Manaus,BR,-3.1,-60.02,1990,2,25.87,8.23
Manaus,BR,-3.1,-60.02,1990,3,25.82,8.64
Manaus,BR,-3.1,-60.02,1990,4,26.23,12.17
Manaus,BR,-3.1,-60.02,1990,5,26.12,8.85
Manaus,BR,-3.1,-60.02,1990,6,25.91,5.4
Manaus,BR,-3.1,-60.02,1990,7,25.36,4.91
Manaus,BR,-3.1,-60.02,1990,8,26.23,2.32
Manaus,BR,-3.1,-60.02,1990,9,27.2,2.49
Manaus,BR,-3.1,-60.02,1990,10,28.88,3.11
Manaus,BR,-3.1,-60.02,1990,11,28.57,3.98
Manaus,BR,-3.1,-60.02,1990,12,27.01,6.0
Manaus,BR,-3.1,-60.02,1990,13,26.58,6.17
Manaus,BR,-3.1,-60.02,1991,1,26.05,8.5
Manaus,BR,-3.1,-60.02,1991,2,26.15,9.52
Manaus,BR,-3.1,-60.02,1991,3,25.95,11.17
Manaus,BR,-3.1,-60.02,1991,4,25.77,10.48
Manaus,BR,-3.1,-60.02,1991,5,25.98,7.79
Manaus,BR,-3.1,-60.02,1991,6,25.68,5.91
Manaus,BR,-3.1,-60.02,1991,7,25.5,4.58
Manaus,BR,-3.1,-60.02,1991,8,26.0,2.93
Manaus,BR,-3.1,-60.02,1991,9,26.92,2.5
Manaus,BR,-3.1,-60.02,1991,10,27.79,3.07
Manaus,BR,-3.1,-60.02,1991,11,29.43,1.08
Manaus,BR,-3.1,-60.02,1991,12,28.8,3.13
Manaus,BR,-3.1,-60.02,1991,13,26.67,5.87
Manaus,BR,-3.1,-60.02,1992,1,27.51,4.71
Manaus,BR,-3.1,-60.02,1992,2,26.32,9.01
Manaus,BR,-3.1,-60.02,1992,3,26.16,8.62
Manaus,BR,-3.1,-60.02,1992,4,26.48,7.09
Manaus,BR,-3.1,-60.02,1992,5,26.53,3.74
Manaus,BR,-3.1,-60.02,1992,6,26.05,2.97
Manaus,BR,-3.1,-60.02,1992,7,26.12,2.96
Manaus,BR,-3.1,-60.02,1992,8,27.22,3.41
Manaus,BR,-3.1,-60.02,1992,9,29.11,2.43
Manaus,BR,-3.1,-60.02,1992,10,29.65,4.21
Manaus,BR,-3.1,-60.02,1992,11,28.41,3.19
Manaus,BR,-3.1,-60.02,1992,12,26.52,6.74
Manaus,BR,-3.1,-60.02,1992,13,27.17,4.91
Manaus,BR,-3.1,-60.02,1993,1,25.81,8.69
Manaus,BR,-3.1,-60.02,1993,2,25.68,11.26
Manaus,BR,-3.1,-60.02,1993,3,25.53,8.54
Manaus,BR,-3.1,-60.02,1993,4,25.86,7.95
Manaus,BR,-3.1,-60.02,1993,5,26.15,4.7
Manaus,BR,-3.1,-60.02,1993,6,25.83,4.68
Manaus,BR,-3.1,-60.02,1993,7,25.79,2.72
Manaus,BR,-3.1,-60.02,1993,8,26.27,3.13
Manaus,BR,-3.1,-60.02,1993,9,27.28,3.87
Manaus,BR,-3.1,-60.02,1993,10,27.2,4.37
Manaus,BR,-3.1,-60.02,1993,11,26.65,5.73
Manaus,BR,-3.1,-60.02,1993,12,26.49,7.23
Manaus,BR,-3.1,-60.02,1993,13,26.21,6.04
Manaus,BR,-3.1,-60.02,1994,1,25.86,11.69
Manaus,BR,-3.1,-60.02,1994,2,25.53,11.21
Manaus,BR,-3.1,-60.02,1994,3,25.72,10.3
Manaus,BR,-3.1,-60.02,1994,4,25.84,12.2
Manaus,BR,-3.1,-60.02,1994,5,25.89,7.25
Manaus,BR,-3.1,-60.02,1994,6,25.29,5.63
Manaus,BR,-3.1,-60.02,1994,7,25.21,2.87
Manaus,BR,-3.1,-60.02,1994,8,26.29,4.6
Manaus,BR,-3.1,-60.02,1994,9,26.98,3.59
Manaus,BR,-3.1,-60.02,1994,10,27.14,4.09
Manaus,BR,-3.1,-60.02,1994,11,27.19,5.14
Manaus,BR,-3.1,-60.02,1994,12,26.53,6.37
Manaus,BR,-3.1,-60.02,1994,13,26.13,7.05
Manaus,BR,-3.1,-60.02,1995,1,26.1,6.18
Manaus,BR,-3.1,-60.02,1995,2,26.22,6.2
Manaus,BR,-3.1,-60.02,1995,3,26.06,11.52
Manaus,BR,-3.1,-60.02,1995,4,26.28,10.46
Manaus,BR,-3.1,-60.02,1995,5,25.72,9.8
Manaus,BR,-3.1,-60.02,1995,6,25.87,4.14
Manaus,BR,-3.1,-60.02,1995,7,25.81,2.66
Manaus,BR,-3.1,-60.02,1995,8,27.02,2.51
Manaus,BR,-3.1,-60.02,1995,9,28.22,3.13
Manaus,BR,-3.1,-60.02,1995,10,28.83,3.45
Manaus,BR,-3.1,-60.02,1995,11,26.88,10.28
Manaus,BR,-3.1,-60.02,1995,12,26.46,7.61
Manaus,BR,-3.1,-60.02,1995,13,26.62,6.49
Manaus,BR,-3.1,-60.02,1996,1,25.82,14.05
Manaus,BR,-3.1,-60.02,1996,2,25.64,12.52
Manaus,BR,-3.1,-60.02,1996,3,26.15,16.8
Manaus,BR,-3.1,-60.02,1996,4,26.03,11.81
Manaus,BR,-3.1,-60.02,1996,5,26.08,9.4
Manaus,BR,-3.1,-60.02,1996,6,25.24,7.31
Manaus,BR,-3.1,-60.02,1996,7,25.25,3.0
Manaus,BR,-3.1,-60.02,1996,8,26.24,3.33
Manaus,BR,-3.1,-60.02,1996,9,27.02,3.53
Manaus,BR,-3.1,-60.02,1996,10,27.21,4.27
Manaus,BR,-3.1,-60.02,1996,11,27.19,6.05
Manaus,BR,-3.1,-60.02,1996,12,26.19,6.44
Manaus,BR,-3.1,-60.02,1996,13,26.17,8.2
Manaus,BR,-3.1,-60.02,1997,1,25.9,11.3
Manaus,BR,-3.1,-60.02,1997,2,25.62,11.3
Manaus,BR,-3.1,-60.02,1997,3,25.99,12.94
Manaus,BR,-3.1,-60.02,1997,4,25.88,9.32
Manaus,BR,-3.1,-60.02,1997,5,25.68,8.23
Manaus,BR,-3.1,-60.02,1997,6,25.79,2.06
Manaus,BR,-3.1,-60.02,1997,7,26.7,0.46
Manaus,BR,-3.1,-60.02,1997,8,28.23,2.9
Manaus,BR,-3.1,-60.02,1997,9,30.93,0.77
Manaus,BR,-3.1,-60.02,1997,10,31.7,1.76
Manaus,BR,-3.1,-60.02,1997,11,28.97,5.95
Manaus,BR,-3.1,-60.02,1997,12,27.99,5.88
Manaus,BR,-3.1,-60.02,1997,13,27.46,6.05
Manaus,BR,-3.1,-60.02,1998,1,26.93,7.12
Manaus,BR,-3.1,-60.02,1998,2,27.19,6.17
Manaus,BR,-3.1,-60.02,1998,3,27.07,7.11
Manaus,BR,-3.1,-60.02,1998,4,27.07,10.53
Manaus,BR,-3.1,-60.02,1998,5,26.53,8.36
Manaus,BR,-3.1,-60.02,1998,6,26.33,6.26
Manaus,BR,-3.1,-60.02,1998,7,26.49,4.26
Manaus,BR,-3.1,-60.02,1998,8,27.27,2.73
Manaus,BR,-3.1,-60.02,1998,9,27.73,3.64
Manaus,BR,-3.1,-60.02,1998,10,28.58,2.74
Manaus,BR,-3.1,-60.02,1998,11,27.36,6.96
Manaus,BR,-3.1,-60.02,1998,12,26.83,6.0
Manaus,BR,-3.1,-60.02,1998,13,27.11,5.98
Manaus,BR,-3.1,-60.02,1999,1,25.48,12.91
Manaus,BR,-3.1,-60.02,1999,2,25.69,11.91
Manaus,BR,-3.1,-60.02,1999,3,25.85,8.98
Manaus,BR,-3.1,-60.02,1999,4,25.64,12.01
Manaus,BR,-3.1,-60.02,1999,5,25.46,12.47
Manaus,BR,-3.1,-60.02,1999,6,25.78,5.05
Manaus,BR,-3.1,-60.02,1999,7,25.61,2.42
Manaus,BR,-3.1,-60.02,1999,8,26.3,2.08
Manaus,BR,-3.1,-60.02,1999,9,26.61,5.21
Manaus,BR,-3.1,-60.02,1999,10,27.08,4.0
Manaus,BR,-3.1,-60.02,1999,11,27.26,4.32
Manaus,BR,-3.1,-60.02,1999,12,26.4,6.53
Manaus,BR,-3.1,-60.02,1999,13,26.1,7.29
Manaus,BR,-3.1,-60.02,2000,1,25.62,9.2
Manaus,BR,-3.1,-60.02,2000,2,25.58,9.74
Manaus,BR,-3.1,-60.02,2000,3,25.59,12.36
Manaus,BR,-3.1,-60.02,2000,4,25.61,11.97
Manaus,BR,-3.1,-60.02,2000,5,25.82,7.8
Manaus,BR,-3.1,-60.02,2000,6,25.48,4.62
Manaus,BR,-3.1,-60.02,2000,7,25.03,4.15
Manaus,BR,-3.1,-60.02,2000,8,26.1,2.59
Manaus,BR,-3.1,-60.02,2000,9,26.64,5.23
Manaus,BR,-3.1,-60.02,2000,10,27.09,3.4
Manaus,BR,-3.1,-60.02,2000,11,27.1,4.46
Manaus,BR,-3.1,-60.02,2000,12,26.76,5.79
Manaus,BR,-3.1,-60.02,2000,13,26.04,6.76
Manaus,BR,-3.1,-60.02,2001,1,25.2,11.46
Manaus,BR,-3.1,-60.02,2001,2,25.38,8.61
Manaus,BR,-3.1,-60.02,2001,3,25.79,9.36
Manaus,BR,-3.1,-60.02,2001,4,26.02,8.49
Manaus,BR,-3.1,-60.02,2001,5,25.88,5.87
Manaus,BR,-3.1,-60.02,2001,6,25.05,7.68
Manaus,BR,-3.1,-60.02,2001,7,25.59,2.15
Manaus,BR,-3.1,-60.02,2001,8,26.57,1.03
Manaus,BR,-3.1,-60.02,2001,9,28.01,2.7
Manaus,BR,-3.1,-60.02,2001,10,29.4,4.36
Manaus,BR,-3.1,-60.02,2001,11,28.56,4.14
Manaus,BR,-3.1,-60.02,2001,12,26.74,6.87
Manaus,BR,-3.1,-60.02,2001,13,26.52,6.04
Manaus,BR,-3.1,-60.02,2002,1,26.16,8.49
Manaus,BR,-3.1,-60.02,2002,2,26.14,10.23
Manaus,BR,-3.1,-60.02,2002,3,25.99,7.86
Manaus,BR,-3.1,-60.02,2002,4,25.98,11.26
Manaus,BR,-3.1,-60.02,2002,5,26.22,8.92
Manaus,BR,-3.1,-60.02,2002,6,25.76,5.49
Manaus,BR,-3.1,-60.02,2002,7,26.1,1.97
Manaus,BR,-3.1,-60.02,2002,8,26.93,2.23
Manaus,BR,-3.1,-60.02,2002,9,28.74,2.35
Manaus,BR,-3.1,-60.02,2002,10,28.54,5.24
Manaus,BR,-3.1,-60.02,2002,11,27.91,2.46
Manaus,BR,-3.1,-60.02,2002,12,27.05,6.29
Manaus,BR,-3.1,-60.02,2002,13,26.8,6.04
Manaus,BR,-3.1,-60.02,2003,1,27.65,3.16
Manaus,BR,-3.1,-60.02,2003,2,26.85,6.85
Manaus,BR,-3.1,-60.02,2003,3,26.3,5.8
Manaus,BR,-3.1,-60.02,2003,4,25.97,8.8
Manaus,BR,-3.1,-60.02,2003,5,26.06,7.09
Manaus,BR,-3.1,-60.02,2003,6,25.69,5.09
Manaus,BR,-3.1,-60.02,2003,7,26.0,3.56
Manaus,BR,-3.1,-60.02,2003,8,26.52,3.68
Manaus,BR,-3.1,-60.02,2003,9,27.04,3.65
Manaus,BR,-3.1,-60.02,2003,10,27.69,4.04
Manaus,BR,-3.1,-60.02,2003,11,27.77,3.68
Manaus,BR,-3.1,-60.02,2003,12,27.57,4.34
Manaus,BR,-3.1,-60.02,2003,13,26.76,4.96
Manaus,BR,-3.1,-60.02,2004,1,26.81,5.64
Manaus,BR,-3.1,-60.02,2004,2,26.22,6.2
Manaus,BR,-3.1,-60.02,2004,3,25.96,8.85
Manaus,BR,-3.1,-60.02,2004,4,26.01,6.97
Manaus,BR,-3.1,-60.02,2004,5,26.15,5.94
Manaus,BR,-3.1,-60.02,2004,6,25.62,3.35
Manaus,BR,-3.1,-60.02,2004,7,25.71,3.2
Manaus,BR,-3.1,-60.02,2004,8,26.93,2.76
Manaus,BR,-3.1,-60.02,2004,9,27.72,3.39
Manaus,BR,-3.1,-60.02,2004,10,28.4,4.26
Manaus,BR,-3.1,-60.02,2004,11,28.35,1.56
Manaus,BR,-3.1,-60.02,2004,12,27.7,6.6
Manaus,BR,-3.1,-60.02,2004,13,26.8,4.9
Manaus,BR,-3.1,-60.02,2005,1,27.22,3.94
Manaus,BR,-3.1,-60.02,2005,2,26.52,9.68
Manaus,BR,-3.1,-60.02,2005,3,26.4,9.74
Manaus,BR,-3.1,-60.02,2005,4,26.41,8.46
Manaus,BR,-3.1,-60.02,2005,5,26.37,5.34
Manaus,BR,-3.1,-60.02,2005,6,26.28,1.21
Manaus,BR,-3.1,-60.02,2005,7,26.76,1.47
Manaus,BR,-3.1,-60.02,2005,8,29.48,0.75
Manaus,BR,-3.1,-60.02,2005,9,31.03,1.81
Manaus,BR,-3.1,-60.02,2005,10,30.52,2.08
Manaus,BR,-3.1,-60.02,2005,11,28.47,5.55
Manaus,BR,-3.1,-60.02,2005,12,26.33,8.93
Manaus,BR,-3.1,-60.02,2005,13,27.65,4.88
Manaus,BR,-3.1,-60.02,2006,1,26.17,5.78
Manaus,BR,-3.1,-60.02,2006,2,26.11,9.17
Manaus,BR,-3.1,-60.02,2006,3,26.15,9.52
Manaus,BR,-3.1,-60.02,2006,4,26.0,8.14
Manaus,BR,-3.1,-60.02,2006,5,25.55,13.0
Manaus,BR,-3.1,-60.02,2006,6,25.8,3.1
Manaus,BR,-3.1,-60.02,2006,7,25.98,1.4
Manaus,BR,-3.1,-60.02,2006,8,27.78,0.39
Manaus,BR,-3.1,-60.02,2006,9,30.1,0.85
Manaus,BR,-3.1,-60.02,2006,10,31.09,2.16
Manaus,BR,-3.1,-60.02,2006,11,27.64,8.56
Manaus,BR,-3.1,-60.02,2006,12,27.06,7.0
Manaus,BR,-3.1,-60.02,2006,13,27.12,5.73
Manaus,BR,-3.1,-60.02,2007,1,26.9,10.33
Manaus,BR,-3.1,-60.02,2007,2,26.8,4.28
Manaus,BR,-3.1,-60.02,2007,3,25.94,8.23
Manaus,BR,-3.1,-60.02,2007,4,26.09,8.82
Manaus,BR,-3.1,-60.02,2007,5,26.38,4.71
Manaus,BR,-3.1,-60.02,2007,6,25.89,2.84
Manaus,BR,-3.1,-60.02,2007,7,26.36,3.34
Manaus,BR,-3.1,-60.02,2007,8,27.69,2.79
Manaus,BR,-3.1,-60.02,2007,9,29.19,1.76
Manaus,BR,-3.1,-60.02,2007,10,29.1,1.7
Manaus,BR,-3.1,-60.02,2007,11,29.18,4.63
Manaus,BR,-3.1,-60.02,2007,12,25.99,8.11
Manaus,BR,-3.1,-60.02,2007,13,27.12,5.14
Manaus,BR,-3.1,-60.02,2008,1,25.8,10.61
Manaus,BR,-3.1,-60.02,2008,2,25.69,11.21
Manaus,BR,-3.1,-60.02,2008,3,25.71,11.25
Manaus,BR,-3.1,-60.02,2008,4,25.93,10.61
Manaus,BR,-3.1,-60.02,2008,5,25.65,7.25
Manaus,BR,-3.1,-60.02,2008,6,25.69,5.23
Manaus,BR,-3.1,-60.02,2008,7,26.05,2.89
Manaus,BR,-3.1,-60.02,2008,8,26.69,1.59
Manaus,BR,-3.1,-60.02,2008,9,27.06,3.1
Manaus,BR,-3.1,-60.02,2008,10,27.19,5.02
Manaus,BR,-3.1,-60.02,2008,11,27.07,6.16
Manaus,BR,-3.1,-60.02,2008,12,26.15,9.1
Manaus,BR,-3.1,-60.02,2008,13,26.22,6.99
Manaus,BR,-3.1,-60.02,2009,1,25.82,10.05
Manaus,BR,-3.1,-60.02,2009,2,25.6,13.99
Manaus,BR,-3.1,-60.02,2009,3,25.86,8.2
Manaus,BR,-3.1,-60.02,2009,4,26.02,6.85
Manaus,BR,-3.1,-60.02,2009,5,25.95,5.55
Manaus,BR,-3.1,-60.02,2009,6,25.68,5.12
Manaus,BR,-3.1,-60.02,2009,7,26.21,1.39
Manaus,BR,-3.1,-60.02,2009,8,27.18,0.3
Manaus,BR,-3.1,-60.02,2009,9,30.22,0.39
Manaus,BR,-3.1,-60.02,2009,10,30.64,1.58
Manaus,BR,-3.1,-60.02,2009,11,31.25,1.95
Manaus,BR,-3.1,-60.02,2009,12,27.43,7.81
Manaus,BR,-3.1,-60.02,2009,13,27.33,5.21
Manaus,BR,-3.1,-60.02,2010,1,26.54,7.91
Manaus,BR,-3.1,-60.02,2010,2,26.84,9.35
Manaus,BR,-3.1,-60.02,2010,3,27.03,5.76
Manaus,BR,-3.1,-60.02,2010,4,26.47,11.15
Manaus,BR,-3.1,-60.02,2010,5,26.79,5.41
Manaus,BR,-3.1,-60.02,2010,6,26.31,4.68
Manaus,BR,-3.1,-60.02,2010,7,26.19,2.87
Manaus,BR,-3.1,-60.02,2010,8,27.12,0.84
Manaus,BR,-3.1,-60.02,2010,9,28.61,1.5
Manaus,BR,-3.1,-60.02,2010,10,29.62,2.65
Manaus,BR,-3.1,-60.02,2010,11,27.73,5.23
Manaus,BR,-3.1,-60.02,2010,12,26.61,8.48
Manaus,BR,-3.1,-60.02,2010,13,27.16,5.45
Manaus,BR,-3.1,-60.02,2011,1,25.49,8.11
Manaus,BR,-3.1,-60.02,2011,2,25.55,14.53
Manaus,BR,-3.1,-60.02,2011,3,25.76,10.88
Manaus,BR,-3.1,-60.02,2011,4,25.8,15.28
Manaus,BR,-3.1,-60.02,2011,5,26.12,5.65
Manaus,BR,-3.1,-60.02,2011,6,26.13,2.89
Manaus,BR,-3.1,-60.02,2011,7,25.99,1.18
Manaus,BR,-3.1,-60.02,2011,8,27.36,1.63
Manaus,BR,-3.1,-60.02,2011,9,28.97,1.55
Manaus,BR,-3.1,-60.02,2011,10,28.07,4.9
Manaus,BR,-3.1,-60.02,2011,11,27.1,6.54
Manaus,BR,-3.1,-60.02,2011,12,27.12,4.44
Manaus,BR,-3.1,-60.02,2011,13,26.63,6.4
Manaus,BR,-3.1,-60.02,2012,1,25.63,9.28
Manaus,BR,-3.1,-60.02,2012,2,25.27,7.23
Manaus,BR,-3.1,-60.02,2012,3,25.42,8.64
Manaus,BR,-3.1,-60.02,2012,4,26.0,6.04
Manaus,BR,-3.1,-60.02,2012,5,25.87,4.48
Manaus,BR,-3.1,-60.02,2012,6,25.96,2.55
Manaus,BR,-3.1,-60.02,2012,7,25.96,3.07
Manaus,BR,-3.1,-60.02,2012,8,27.02,1.8
Manaus,BR,-3.1,-60.02,2012,9,28.34,2.04
Manaus,BR,-3.1,-60.02,2012,10,29.38,1.68
Manaus,BR,-3.1,-60.02,2012,11,29.4,3.62
Manaus,BR,-3.1,-60.02,2012,12,26.96,5.88
Manaus,BR,-3.1,-60.02,2012,13,26.77,4.69
Manaus,BR,-3.1,-60.02,2013,1,26.52,5.95
Manaus,BR,-3.1,-60.02,2013,2,25.88,9.57
Manaus,BR,-3.1,-60.02,2013,3,26.19,9.74
Manaus,BR,-3.1,-60.02,2013,4,26.22,6.81
Manaus,BR,-3.1,-60.02,2013,5,26.03,6.16
Manaus,BR,-3.1,-60.02,2013,6,26.21,1.83
Manaus,BR,-3.1,-60.02,2013,7,25.67,3.68
Manaus,BR,-3.1,-60.02,2013,8,26.37,2.25
Manaus,BR,-3.1,-60.02,2013,9,27.22,2.74
Manaus,BR,-3.1,-60.02,2013,10,28.65,1.72
Manaus,BR,-3.1,-60.02,2013,11,26.84,4.94
Manaus,BR,-3.1,-60.02,2013,12,27.46,3.22
Manaus,BR,-3.1,-60.02,2013,13,26.61,4.85
Manaus,BR,-3.1,-60.02,2014,1,26.38,5.99
Manaus,BR,-3.1,-60.02,2014,2,25.83,7.48
Manaus,BR,-3.1,-60.02,2014,3,25.91,11.57
Manaus,BR,-3.1,-60.02,2014,4,26.09,7.57
Manaus,BR,-3.1,-60.02,2014,5,26.18,6.52
Manaus,BR,-3.1,-60.02,2014,6,26.25,4.65
Manaus,BR,-3.1,-60.02,2014,7,26.31,2.18
Manaus,BR,-3.1,-60.02,2014,8,26.98,1.55
Manaus,BR,-3.1,-60.02,2014,9,29.39,0.57
Manaus,BR,-3.1,-60.02,2014,10,28.41,4.8
Manaus,BR,-3.1,-60.02,2014,11,28.24,3.78
Manaus,BR,-3.1,-60.02,2014,12,27.68,4.51
Manaus,BR,-3.1,-60.02,2014,13,26.97,5.09
Manaus,BR,-3.1,-60.02,2015,1,26.31,5.96
Manaus,BR,-3.1,-60.02,2015,2,26.44,4.78
Manaus,BR,-3.1,-60.02,2015,3,26.06,7.02
Manaus,BR,-3.1,-60.02,2015,4,26.1,4.24
Manaus,BR,-3.1,-60.02,2015,5,26.34,4.74
Manaus,BR,-3.1,-60.02,2015,6,26.45,2.73
Manaus,BR,-3.1,-60.02,2015,7,27.85,1.72
Manaus,BR,-3.1,-60.02,2015,8,30.57,0.48
Manaus,BR,-3.1,-60.02,2015,9,33.01,0.32
Manaus,BR,-3.1,-60.02,2015,10,33.06,1.34
Manaus,BR,-3.1,-60.02,2015,11,30.77,3.23
Manaus,BR,-3.1,-60.02,2015,12,30.64,1.94
Manaus,BR,-3.1,-60.02,2015,13,28.65,3.2
Manaus,BR,-3.1,-60.02,2016,1,30.17,3.08
Manaus,BR,-3.1,-60.02,2016,2,28.03,8.64
Manaus,BR,-3.1,-60.02,2016,3,26.99,9.71
Manaus,BR,-3.1,-60.02,2016,4,26.74,6.55
Manaus,BR,-3.1,-60.02,2016,5,26.73,4.4
Manaus,BR,-3.1,-60.02,2016,6,26.28,2.52
Manaus,BR,-3.1,-60.02,2016,7,27.11,2.5
Manaus,BR,-3.1,-60.02,2016,8,28.85,1.41
Manaus,BR,-3.1,-60.02,2016,9,29.32,2.25
Manaus,BR,-3.1,-60.02,2016,10,30.25,2.5
Manaus,BR,-3.1,-60.02,2016,11,30.29,1.97
Manaus,BR,-3.1,-60.02,2016,12,26.92,9.8
Manaus,BR,-3.1,-60.02,2016,13,28.14,4.6
Manaus,BR,-3.1,-60.02,2017,1,25.96,8.97
Manaus,BR,-3.1,-60.02,2017,2,25.98,6.58
Manaus,BR,-3.1,-60.02,2017,3,26.1,7.28
Manaus,BR,-3.1,-60.02,2017,4,26.01,8.64
Manaus,BR,-3.1,-60.02,2017,5,26.63,2.97
Manaus,BR,-3.1,-60.02,2017,6,26.39,3.91
Manaus,BR,-3.1,-60.02,2017,7,26.34,2.13
Manaus,BR,-3.1,-60.02,2017,8,28.9,1.69
Manaus,BR,-3.1,-60.02,2017,9,29.74,3.65
Manaus,BR,-3.1,-60.02,2017,10,28.72,4.07
Manaus,BR,-3.1,-60.02,2017,11,28.64,3.9
Manaus,BR,-3.1,-60.02,2017,12,26.85,10.81
Manaus,BR,-3.1,-60.02,2017,13,27.19,5.38
Manaus,BR,-3.1,-60.02,2018,1,25.81,5.56
Manaus,BR,-3.1,-60.02,2018,2,26.0,4.37
Manaus,BR,-3.1,-60.02,2018,3,26.3,3.14
Manaus,BR,-3.1,-60.02,2018,4,25.79,9.44
Manaus,BR,-3.1,-60.02,2018,5,25.75,8.23
Manaus,BR,-3.1,-60.02,2018,6,25.94,6.57
Manaus,BR,-3.1,-60.02,2018,7,26.37,2.53
Manaus,BR,-3.1,-60.02,2018,8,26.99,1.9
Manaus,BR,-3.1,-60.02,2018,9,28.24,2.92
Manaus,BR,-3.1,-60.02,2018,10,29.72,2.3
Manaus,BR,-3.1,-60.02,2018,11,28.69,4.83
Manaus,BR,-3.1,-60.02,2018,12,26.14,8.48
Manaus,BR,-3.1,-60.02,2018,13,26.81,5.02
Manaus,BR,-3.1,-60.02,2019,1,26.1,8.48
Manaus,BR,-3.1,-60.02,2019,2,26.26,10.1
Manaus,BR,-3.1,-60.02,2019,3,26.67,9.15
Manaus,BR,-3.1,-60.02,2019,4,26.46,10.39
Manaus,BR,-3.1,-60.02,2019,5,26.35,11.02
Manaus,BR,-3.1,-60.02,2019,6,26.46,2.91
Manaus,BR,-3.1,-60.02,2019,7,26.52,3.75
Manaus,BR,-3.1,-60.02,2019,8,27.33,2.05
Manaus,BR,-3.1,-60.02,2019,9,28.18,4.18
Manaus,BR,-3.1,-60.02,2019,10,27.11,5.29
Manaus,BR,-3.1,-60.02,2019,11,27.19,4.68
Manaus,BR,-3.1,-60.02,2019,12,26.83,7.46
Manaus,BR,-3.1,-60.02,2019,13,26.79,6.6
Manaus,BR,-3.1,-60.02,2020,1,26.71,6.08
Manaus,BR,-3.1,-60.02,2020,2,26.81,4.45
Manaus,BR,-3.1,-60.02,2020,3,26.8,10.93
Manaus,BR,-3.1,-60.02,2020,4,26.44,9.92
Manaus,BR,-3.1,-60.02,2020,5,26.51,9.24
Manaus,BR,-3.1,-60.02,2020,6,26.14,5.15
Manaus,BR,-3.1,-60.02,2020,7,26.34,1.72
Manaus,BR,-3.1,-60.02,2020,8,27.69,1.18
Manaus,BR,-3.1,-60.02,2020,9,28.93,3.52
Manaus,BR,-3.1,-60.02,2020,10,27.71,4.82
Manaus,BR,-3.1,-60.02,2020,11,27.2,8.51
Manaus,BR,-3.1,-60.02,2020,12,26.57,7.38
Manaus,BR,-3.1,-60.02,2020,13,26.99,6.08
Manaus,BR,-3.1,-60.02,2021,1,26.29,10.68
Manaus,BR,-3.1,-60.02,2021,2,26.38,8.3
Manaus,BR,-3.1,-60.02,2021,3,25.81,11.12
Manaus,BR,-3.1,-60.02,2021,4,26.27,7.14
Manaus,BR,-3.1,-60.02,2021,5,26.58,5.01
Manaus,BR,-3.1,-60.02,2021,6,26.32,5.31
Manaus,BR,-3.1,-60.02,2021,7,26.23,5.3
Manaus,BR,-3.1,-60.02,2021,8,26.85,5.22
Manaus,BR,-3.1,-60.02,2021,9,27.16,3.38
Manaus,BR,-3.1,-60.02,2021,10,27.3,6.27
Manaus,BR,-3.1,-60.02,2021,11,26.92,8.13
Manaus,BR,-3.1,-60.02,2021,12,26.42,8.97
Manaus,BR,-3.1,-60.02,2021,13,26.54,7.07
Manaus,BR,-3.1,-60.02,2022,1,26.02,8.75
Manaus,BR,-3.1,-60.02,2022,2,25.76,10.76
Manaus,BR,-3.1,-60.02,2022,3,25.9,11.28
Manaus,BR,-3.1,-60.02,2022,4,26.03,10.95
Manaus,BR,-3.1,-60.02,2022,5,25.85,6.83
Manaus,BR,-3.1,-60.02,2022,6,25.62,5.75
Manaus,BR,-3.1,-60.02,2022,7,26.47,2.13
Manaus,BR,-3.1,-60.02,2022,8,26.81,1.4
Manaus,BR,-3.1,-60.02,2022,9,28.52,1.54
Manaus,BR,-3.1,-60.02,2022,10,27.96,3.51
Manaus,BR,-3.1,-60.02,2022,11,28.03,4.52
Manaus,BR,-3.1,-60.02,2022,12,26.78,5.18
Manaus,BR,-3.1,-60.02,2022,13,26.65,6.02
Manaus,BR,-3.1,-60.02,2023,1,25.64,6.18
Manaus,BR,-3.1,-60.02,2023,2,25.92,7.56
Manaus,BR,-3.1,-60.02,2023,3,26.1,8.25
Manaus,BR,-3.1,-60.02,2023,4,26.21,6.1
Manaus,BR,-3.1,-60.02,2023,5,26.42,5.72
Manaus,BR,-3.1,-60.02,2023,6,26.43,2.44
Manaus,BR,-3.1,-60.02,2023,7,27.31,1.56
Manaus,BR,-3.1,-60.02,2023,8,29.87,0.64
Manaus,BR,-3.1,-60.02,2023,9,32.08,0.96
Manaus,BR,-3.1,-60.02,2023,10,32.79,1.74
Manaus,BR,-3.1,-60.02,2023,11,31.42,3.48
Manaus,BR,-3.1,-60.02,2023,12,28.28,7.89
Manaus,BR,-3.1,-60.02,2023,13,28.22,4.36
Manaus,BR,-3.1,-60.02,2024,1,27.36,4.34
Manaus,BR,-3.1,-60.02,2024,2,27.43,7.0
Manaus,BR,-3.1,-60.02,2024,3,27.14,9.04
Manaus,BR,-3.1,-60.02,2024,4,27.07,5.99
Manaus,BR,-3.1,-60.02,2024,5,26.96,7.41
Manaus,BR,-3.1,-60.02,2024,6,26.97,3.4
Manaus,BR,-3.1,-60.02,2024,7,27.18,2.17
Manaus,BR,-3.1,-60.02,2024,8,29.88,0.76
Manaus,BR,-3.1,-60.02,2024,9,32.49,1.53
Manaus,BR,-3.1,-60.02,2024,10,33.17,0.68
Manaus,BR,-3.1,-60.02,2024,11,31.52,2.7
Manaus,BR,-3.1,-60.02,2024,12,28.71,5.44
Manaus,BR,-3.1,-60.02,2024,13,28.82,4.2
Puerto Montt,CL,-41.47,-72.94,1981,1,14.38,3.81
Puerto Montt,CL,-41.47,-72.94,1981,2,14.2,1.61
Puerto Montt,CL,-41.47,-72.94,1981,3,13.32,3.06
Puerto Montt,CL,-41.47,-72.94,1981,4,12.46,3.82
Puerto Montt,CL,-41.47,-72.94,1981,5,9.81,12.21
Puerto Montt,CL,-41.47,-72.94,1981,6,7.96,10.4
Puerto Montt,CL,-41.47,-72.94,1981,7,7.1,6.05
Puerto Montt,CL,-41.47,-72.94,1981,8,7.66,4.99
Puerto Montt,CL,-41.47,-72.94,1981,9,7.88,6.55
Puerto Montt,CL,-41.47,-72.94,1981,10,10.21,2.59
Puerto Montt,CL,-41.47,-72.94,1981,11,10.73,1.83
Puerto Montt,CL,-41.47,-72.94,1981,12,13.12,2.73
Puerto Montt,CL,-41.47,-72.94,1981,13,10.72,4.99
Puerto Montt,CL,-41.47,-72.94,1982,1,15.26,2.51
Puerto Montt,CL,-41.47,-72.94,1982,2,13.07,2.42
Puerto Montt,CL,-41.47,-72.94,1982,3,12.77,0.73
Puerto Montt,CL,-41.47,-72.94,1982,4,12.03,2.61
Puerto Montt,CL,-41.47,-72.94,1982,5,10.47,9.63
Puerto Montt,CL,-41.47,-72.94,1982,6,6.1,5.8
Puerto Montt,CL,-41.47,-72.94,1982,7,6.88,5.41
Puerto Montt,CL,-41.47,-72.94,1982,8,7.79,5.56
Puerto Montt,CL,-41.47,-72.94,1982,9,9.97,3.53
Puerto Montt,CL,-41.47,-72.94,1982,10,9.36,2.98
Puerto Montt,CL,-41.47,-72.94,1982,11,11.22,2.42
Puerto Montt,CL,-41.47,-72.94,1982,12,14.07,0.89
Puerto Montt,CL,-41.47,-72.94,1982,13,10.74,3.72
Puerto Montt,CL,-41.47,-72.94,1983,1,16.27,1.3
Puerto Montt,CL,-41.47,-72.94,1983,2,14.45,1.76
Puerto Montt,CL,-41.47,-72.94,1983,3,13.54,1.51
Puerto Montt,CL,-41.47,-72.94,1983,4,11.73,3.08
Puerto Montt,CL,-41.47,-72.94,1983,5,9.33,3.98
Puerto Montt,CL,-41.47,-72.94,1983,6,6.53,4.44
Puerto Montt,CL,-41.47,-72.94,1983,7,6.32,3.96
Puerto Montt,CL,-41.47,-72.94,1983,8,7.44,3.69
Puerto Montt,CL,-41.47,-72.94,1983,9,7.84,4.01
Puerto Montt,CL,-41.47,-72.94,1983,10,10.67,3.06
Puerto Montt,CL,-41.47,-72.94,1983,11,12.47,1.13
Puerto Montt,CL,-41.47,-72.94,1983,12,15.59,0.23
Puerto Montt,CL,-41.47,-72.94,1983,13,11.0,2.68
Puerto Montt,CL,-41.47,-72.94,1984,1,15.4,3.17
Puerto Montt,CL,-41.47,-72.94,1984,2,13.97,4.37
Puerto Montt,CL,-41.47,-72.94,1984,3,13.59,1.35
Puerto Montt,CL,-41.47,-72.94,1984,4,10.5,3.34
Puerto Montt,CL,-41.47,-72.94,1984,5,7.72,6.76
Puerto Montt,CL,-41.47,-72.94,1984,6,5.47,6.19
Puerto Montt,CL,-41.47,-72.94,1984,7,6.12,4.18
Puerto Montt,CL,-41.47,-72.94,1984,8,6.84,2.16
Puerto Montt,CL,-41.47,-72.94,1984,9,9.6,3.69
Puerto Montt,CL,-41.47,-72.94,1984,10,9.54,4.1
Puerto Montt,CL,-41.47,-72.94,1984,11,11.72,1.62
Puerto Montt,CL,-41.47,-72.94,1984,12,14.53,1.94
Puerto Montt,CL,-41.47,-72.94,1984,13,10.41,3.57
Puerto Montt,CL,-41.47,-72.94,1985,1,15.18,2.59
Puerto Montt,CL,-41.47,-72.94,1985,2,14.94,3.5
Puerto Montt,CL,-41.47,-72.94,1985,3,12.78,2.32
Puerto Montt,CL,-41.47,-72.94,1985,4,9.84,5.79
Puerto Montt,CL,-41.47,-72.94,1985,5,9.37,9.5
Puerto Montt,CL,-41.47,-72.94,1985,6,10.1,7.35
Puerto Montt,CL,-41.47,-72.94,1985,7,7.44,5.06
Puerto Montt,CL,-41.47,-72.94,1985,8,7.62,3.48
Puerto Montt,CL,-41.47,-72.94,1985,9,8.84,3.56
Puerto Montt,CL,-41.47,-72.94,1985,10,10.02,2.4
Puerto Montt,CL,-41.47,-72.94,1985,11,12.79,3.3
Puerto Montt,CL,-41.47,-72.94,1985,12,13.58,1.68
Puerto Montt,CL,-41.47,-72.94,1985,13,11.02,4.21
Puerto Montt,CL,-41.47,-72.94,1986,1,14.17,2.65
Puerto Montt,CL,-41.47,-72.94,1986,2,14.12,3.11
Puerto Montt,CL,-41.47,-72.94,1986,3,12.14,3.47
Puerto Montt,CL,-41.47,-72.94,1986,4,10.41,6.09
Puerto Montt,CL,-41.47,-72.94,1986,5,9.35,6.08
Puerto Montt,CL,-41.47,-72.94,1986,6,7.05,7.89
Puerto Montt,CL,-41.47,-72.94,1986,7,7.08,3.01
Puerto Montt,CL,-41.47,-72.94,1986,8,6.77,4.09
Puerto Montt,CL,-41.47,-72.94,1986,9,8.54,3.67
Puerto Montt,CL,-41.47,-72.94,1986,10,11.36,2.65
Puerto Montt,CL,-41.47,-72.94,1986,11,10.79,4.45
Puerto Montt,CL,-41.47,-72.94,1986,12,13.12,1.33
Puerto Montt,CL,-41.47,-72.94,1986,13,10.39,4.03
Puerto Montt,CL,-41.47,-72.94,1987,1,14.73,1.21
Puerto Montt,CL,-41.47,-72.94,1987,2,15.33,1.94
Puerto Montt,CL,-41.47,-72.94,1987,3,14.48,2.56
Puerto Montt,CL,-41.47,-72.94,1987,4,11.28,5.13
Puerto Montt,CL,-41.47,-72.94,1987,5,8.4,4.67
Puerto Montt,CL,-41.47,-72.94,1987,6,8.06,3.9
Puerto Montt,CL,-41.47,-72.94,1987,7,7.97,7.94
Puerto Montt,CL,-41.47,-72.94,1987,8,7.25,4.21
Puerto Montt,CL,-41.47,-72.94,1987,9,8.58,5.0
Puerto Montt,CL,-41.47,-72.94,1987,10,11.13,3.9
Puerto Montt,CL,-41.47,-72.94,1987,11,12.61,2.0
Puerto Montt,CL,-41.47,-72.94,1987,12,12.99,3.11
Puerto Montt,CL,-41.47,-72.94,1987,13,11.04,3.81
Puerto Montt,CL,-41.47,-72.94,1988,1,13.72,2.68
Puerto Montt,CL,-41.47,-72.94,1988,2,15.32,0.56
Puerto Montt,CL,-41.47,-72.94,1988,3,13.61,2.51
Puerto Montt,CL,-41.47,-72.94,1988,4,10.95,3.62
Puerto Montt,CL,-41.47,-72.94,1988,5,8.51,3.41
Puerto Montt,CL,-41.47,-72.94,1988,6,7.17,5.81
Puerto Montt,CL,-41.47,-72.94,1988,7,5.84,2.66
Puerto Montt,CL,-41.47,-72.94,1988,8,7.17,5.86
Puerto Montt,CL,-41.47,-72.94,1988,9,8.92,2.76
Puerto Montt,CL,-41.47,-72.94,1988,10,9.14,3.47
Puerto Montt,CL,-41.47,-72.94,1988,11,11.94,1.55
Puerto Montt,CL,-41.47,-72.94,1988,12,13.3,3.63
Puerto Montt,CL,-41.47,-72.94,1988,13,10.45,3.22
Puerto Montt,CL,-41.47,-72.94,1989,1,14.62,2.15
Puerto Montt,CL,-41.47,-72.94,1989,2,15.13,2.05
Puerto Montt,CL,-41.47,-72.94,1989,3,13.22,3.41
Puerto Montt,CL,-41.47,-72.94,1989,4,10.6,3.97
Puerto Montt,CL,-41.47,-72.94,1989,5,8.41,1.84
Puerto Montt,CL,-41.47,-72.94,1989,6,8.59,5.18
Puerto Montt,CL,-41.47,-72.94,1989,7,7.23,6.12
Puerto Montt,CL,-41.47,-72.94,1989,8,7.47,9.47
Puerto Montt,CL,-41.47,-72.94,1989,9,8.46,2.96
Puerto Montt,CL,-41.47,-72.94,1989,10,10.09,2.35
Puerto Montt,CL,-41.47,-72.94,1989,11,12.19,2.89
Puerto Montt,CL,-41.47,-72.94,1989,12,13.74,4.75
Puerto Montt,CL,-41.47,-72.94,1989,13,10.79,3.95
Puerto Montt,CL,-41.47,-72.94,1990,1,14.17,1.66
Puerto Montt,CL,-41.47,-72.94,1990,2,15.21,2.2
Puerto Montt,CL,-41.47,-72.94,1990,3,12.92,2.85
Puerto Montt,CL,-41.47,-72.94,1990,4,10.08,6.49
Puerto Montt,CL,-41.47,-72.94,1990,5,8.64,6.79
Puerto Montt,CL,-41.47,-72.94,1990,6,7.33,7.19
Puerto Montt,CL,-41.47,-72.94,1990,7,7.02,4.86
Puerto Montt,CL,-41.47,-72.94,1990,8,8.09,4.67
Puerto Montt,CL,-41.47,-72.94,1990,9,8.6,6.0
Puerto Montt,CL,-41.47,-72.94,1990,10,9.77,4.02
Puerto Montt,CL,-41.47,-72.94,1990,11,10.58,2.34
Puerto Montt,CL,-41.47,-72.94,1990,12,13.02,2.77
Puerto Montt,CL,-41.47,-72.94,1990,13,10.43,4.32
Puerto Montt,CL,-41.47,-72.94,1991,1,14.54,2.7
Puerto Montt,CL,-41.47,-72.94,1991,2,14.28,1.94
Puerto Montt,CL,-41.47,-72.94,1991,3,12.69,2.13
Puerto Montt,CL,-41.47,-72.94,1991,4,10.64,3.8
Puerto Montt,CL,-41.47,-72.94,1991,5,9.09,7.0
Puerto Montt,CL,-41.47,-72.94,1991,6,7.3,4.38
Puerto Montt,CL,-41.47,-72.94,1991,7,6.54,5.01
Puerto Montt,CL,-41.47,-72.94,1991,8,6.58,4.35
Puerto Montt,CL,-41.47,-72.94,1991,9,8.58,6.26
Puerto Montt,CL,-41.47,-72.94,1991,10,9.42,3.2
Puerto Montt,CL,-41.47,-72.94,1991,11,12.27,2.73
Puerto Montt,CL,-41.47,-72.94,1991,12,12.09,7.96
Puerto Montt,CL,-41.47,-72.94,1991,13,10.31,4.31
Puerto Montt,CL,-41.47,-72.94,1992,1,15.73,0.52
Puerto Montt,CL,-41.47,-72.94,1992,2,13.39,5.39
Puerto Montt,CL,-41.47,-72.94,1992,3,14.2,3.97
Puerto Montt,CL,-41.47,-72.94,1992,4,10.31,7.15
Puerto Montt,CL,-41.47,-72.94,1992,5,7.53,7.18
Puerto Montt,CL,-41.47,-72.94,1992,6,6.15,7.03
Puerto Montt,CL,-41.47,-72.94,1992,7,4.93,3.19
Puerto Montt,CL,-41.47,-72.94,1992,8,7.38,3.55
Puerto Montt,CL,-41.47,-72.94,1992,9,7.99,5.94
Puerto Montt,CL,-41.47,-72.94,1992,10,8.68,8.33
Puerto Montt,CL,-41.47,-72.94,1992,11,12.62,3.07
Puerto Montt,CL,-41.47,-72.94,1992,12,12.79,3.47
Puerto Montt,CL,-41.47,-72.94,1992,13,10.13,4.89
Puerto Montt,CL,-41.47,-72.94,1993,1,13.77,1.9
Puerto Montt,CL,-41.47,-72.94,1993,2,15.04,1.32
Puerto Montt,CL,-41.47,-72.94,1993,3,13.71,5.55
Puerto Montt,CL,-41.47,-72.94,1993,4,10.33,7.29
Puerto Montt,CL,-41.47,-72.94,1993,5,7.79,7.89
Puerto Montt,CL,-41.47,-72.94,1993,6,7.32,8.99
Puerto Montt,CL,-41.47,-72.94,1993,7,6.33,6.97
Puerto Montt,CL,-41.47,-72.94,1993,8,7.3,3.04
Puerto Montt,CL,-41.47,-72.94,1993,9,8.33,1.78
Puerto Montt,CL,-41.47,-72.94,1993,10,10.67,3.61
Puerto Montt,CL,-41.47,-72.94,1993,11,10.74,5.33
Puerto Montt,CL,-41.47,-72.94,1993,12,12.78,2.43
Puerto Montt,CL,-41.47,-72.94,1993,13,10.32,4.69
Puerto Montt,CL,-41.47,-72.94,1994,1,14.88,2.13
Puerto Montt,CL,-41.47,-72.94,1994,2,13.32,1.24
Puerto Montt,CL,-41.47,-72.94,1994,3,14.24,2.02
Puerto Montt,CL,-41.47,-72.94,1994,4,10.64,4.59
Puerto Montt,CL,-41.47,-72.94,1994,5,9.64,8.5
Puerto Montt,CL,-41.47,-72.94,1994,6,8.63,9.5
Puerto Montt,CL,-41.47,-72.94,1994,7,6.81,6.91
Puerto Montt,CL,-41.47,-72.94,1994,8,6.8,6.11
Puerto Montt,CL,-41.47,-72.94,1994,9,8.18,6.15
Puerto Montt,CL,-41.47,-72.94,1994,10,9.7,5.13
Puerto Montt,CL,-41.47,-72.94,1994,11,11.31,4.4
Puerto Montt,CL,-41.47,-72.94,1994,12,13.82,4.59
Puerto Montt,CL,-41.47,-72.94,1994,13,10.65,5.13
Puerto Montt,CL,-41.47,-72.94,1995,1,13.61,3.48
Puerto Montt,CL,-41.47,-72.94,1995,2,14.18,0.89
Puerto Montt,CL,-41.47,-72.94,1995,3,12.47,1.88
Puerto Montt,CL,-41.47,-72.94,1995,4,11.42,4.73
Puerto Montt,CL,-41.47,-72.94,1995,5,9.61,6.0
Puerto Montt,CL,-41.47,-72.94,1995,6,6.83,9.33
Puerto Montt,CL,-41.47,-72.94,1995,7,4.91,5.87
Puerto Montt,CL,-41.47,-72.94,1995,8,6.05,5.29
Puerto Montt,CL,-41.47,-72.94,1995,9,7.53,2.79
Puerto Montt,CL,-41.47,-72.94,1995,10,9.6,3.4
Puerto Montt,CL,-41.47,-72.94,1995,11,11.56,1.4
Puerto Montt,CL,-41.47,-72.94,1995,12,15.58,0.28
Puerto Montt,CL,-41.47,-72.94,1995,13,10.26,3.79
Puerto Montt,CL,-41.47,-72.94,1996,1,13.56,1.66
Puerto Montt,CL,-41.47,-72.94,1996,2,13.52,2.1
Puerto Montt,CL,-41.47,-72.94,1996,3,13.03,4.2
Puerto Montt,CL,-41.47,-72.94,1996,4,10.06,4.3
Puerto Montt,CL,-41.47,-72.94,1996,5,9.25,4.59
Puerto Montt,CL,-41.47,-72.94,1996,6,5.76,3.27
Puerto Montt,CL,-41.47,-72.94,1996,7,7.25,2.51
Puerto Montt,CL,-41.47,-72.94,1996,8,7.97,5.51
Puerto Montt,CL,-41.47,-72.94,1996,9,8.71,2.82
Puerto Montt,CL,-41.47,-72.94,1996,10,9.56,3.6
Puerto Montt,CL,-41.47,-72.94,1996,11,11.51,4.31
Puerto Montt,CL,-41.47,-72.94,1996,12,13.33,2.53
Puerto Montt,CL,-41.47,-72.94,1996,13,10.29,3.45
Puerto Montt,CL,-41.47,-72.94,1997,1,14.57,6.56
Puerto Montt,CL,-41.47,-72.94,1997,2,12.6,1.81
Puerto Montt,CL,-41.47,-72.94,1997,3,14.07,1.38
Puerto Montt,CL,-41.47,-72.94,1997,4,11.53,9.17
Puerto Montt,CL,-41.47,-72.94,1997,5,9.93,3.59
Puerto Montt,CL,-41.47,-72.94,1997,6,8.02,10.88
Puerto Montt,CL,-41.47,-72.94,1997,7,7.7,8.82
Puerto Montt,CL,-41.47,-72.94,1997,8,7.84,4.27
Puerto Montt,CL,-41.47,-72.94,1997,9,8.36,4.43
Puerto Montt,CL,-41.47,-72.94,1997,10,9.6,5.0
Puerto Montt,CL,-41.47,-72.94,1997,11,11.67,3.66
Puerto Montt,CL,-41.47,-72.94,1997,12,12.92,2.5
Puerto Montt,CL,-41.47,-72.94,1997,13,10.73,5.18
Puerto Montt,CL,-41.47,-72.94,1998,1,13.89,1.32
Puerto Montt,CL,-41.47,-72.94,1998,2,15.93,0.46
Puerto Montt,CL,-41.47,-72.94,1998,3,13.53,2.56
Puerto Montt,CL,-41.47,-72.94,1998,4,11.98,2.7
Puerto Montt,CL,-41.47,-72.94,1998,5,11.94,4.02
Puerto Montt,CL,-41.47,-72.94,1998,6,8.79,4.19
Puerto Montt,CL,-41.47,-72.94,1998,7,8.24,4.41
Puerto Montt,CL,-41.47,-72.94,1998,8,7.88,5.82
Puerto Montt,CL,-41.47,-72.94,1998,9,7.76,2.99
Puerto Montt,CL,-41.47,-72.94,1998,10,9.93,1.74
Puerto Montt,CL,-41.47,-72.94,1998,11,11.47,2.38
Puerto Montt,CL,-41.47,-72.94,1998,12,13.58,2.4
Puerto Montt,CL,-41.47,-72.94,1998,13,11.22,2.93
Puerto Montt,CL,-41.47,-72.94,1999,1,15.1,2.05
Puerto Montt,CL,-41.47,-72.94,1999,2,14.65,2.65
Puerto Montt,CL,-41.47,-72.94,1999,3,12.86,4.19
Puerto Montt,CL,-41.47,-72.94,1999,4,10.91,2.34
Puerto Montt,CL,-41.47,-72.94,1999,5,8.57,4.98
Puerto Montt,CL,-41.47,-72.94,1999,6,6.1,9.44
Puerto Montt,CL,-41.47,-72.94,1999,7,5.91,5.01
Puerto Montt,CL,-41.47,-72.94,1999,8,8.04,7.19
Puerto Montt,CL,-41.47,-72.94,1999,9,8.63,5.56
Puerto Montt,CL,-41.47,-72.94,1999,10,11.3,1.8
Puerto Montt,CL,-41.47,-72.94,1999,11,12.4,1.99
Puerto Montt,CL,-41.47,-72.94,1999,12,12.86,3.07
Puerto Montt,CL,-41.47,-72.94,1999,13,10.59,4.19
Puerto Montt,CL,-41.47,-72.94,2000,1,13.96,2.87
Puerto Montt,CL,-41.47,-72.94,2000,2,13.25,5.22
Puerto Montt,CL,-41.47,-72.94,2000,3,11.49,3.16
Puerto Montt,CL,-41.47,-72.94,2000,4,10.81,3.96
Puerto Montt,CL,-41.47,-72.94,2000,5,9.37,3.02
Puerto Montt,CL,-41.47,-72.94,2000,6,7.35,12.79
Puerto Montt,CL,-41.47,-72.94,2000,7,5.79,7.13
Puerto Montt,CL,-41.47,-72.94,2000,8,7.22,4.02
Puerto Montt,CL,-41.47,-72.94,2000,9,7.64,3.68
Puerto Montt,CL,-41.47,-72.94,2000,10,10.26,4.85
Puerto Montt,CL,-41.47,-72.94,2000,11,10.58,4.31
Puerto Montt,CL,-41.47,-72.94,2000,12,12.41,2.89
Puerto Montt,CL,-41.47,-72.94,2000,13,10.0,4.81
Puerto Montt,CL,-41.47,-72.94,2001,1,13.53,7.36
Puerto Montt,CL,-41.47,-72.94,2001,2,14.33,2.64
Puerto Montt,CL,-41.47,-72.94,2001,3,12.45,4.9
Puerto Montt,CL,-41.47,-72.94,2001,4,10.0,2.89
Puerto Montt,CL,-41.47,-72.94,2001,5,8.71,7.68
Puerto Montt,CL,-41.47,-72.94,2001,6,7.66,6.18
Puerto Montt,CL,-41.47,-72.94,2001,7,6.36,9.47
Puerto Montt,CL,-41.47,-72.94,2001,8,7.62,6.31
Puerto Montt,CL,-41.47,-72.94,2001,9,9.04,2.76
Puerto Montt,CL,-41.47,-72.94,2001,10,10.9,3.1
Puerto Montt,CL,-41.47,-72.94,2001,11,10.64,3.64
Puerto Montt,CL,-41.47,-72.94,2001,12,14.16,0.8
Puerto Montt,CL,-41.47,-72.94,2001,13,10.43,4.84
Puerto Montt,CL,-41.47,-72.94,2002,1,14.72,1.91
Puerto Montt,CL,-41.47,-72.94,2002,2,14.91,4.42
Puerto Montt,CL,-41.47,-72.94,2002,3,11.97,4.33
Puerto Montt,CL,-41.47,-72.94,2002,4,10.25,5.58
Puerto Montt,CL,-41.47,-72.94,2002,5,9.26,10.45
Puerto Montt,CL,-41.47,-72.94,2002,6,5.97,5.42
Puerto Montt,CL,-41.47,-72.94,2002,7,7.27,4.12
Puerto Montt,CL,-41.47,-72.94,2002,8,8.23,5.59
Puerto Montt,CL,-41.47,-72.94,2002,9,8.33,5.45
Puerto Montt,CL,-41.47,-72.94,2002,10,9.59,7.66
Puerto Montt,CL,-41.47,-72.94,2002,11,10.94,5.79
Puerto Montt,CL,-41.47,-72.94,2002,12,13.44,2.7
Puerto Montt,CL,-41.47,-72.94,2002,13,10.39,5.29
Puerto Montt,CL,-41.47,-72.94,2003,1,14.37,2.8
Puerto Montt,CL,-41.47,-72.94,2003,2,13.49,1.63
Puerto Montt,CL,-41.47,-72.94,2003,3,13.98,1.6
Puerto Montt,CL,-41.47,-72.94,2003,4,11.01,3.08
Puerto Montt,CL,-41.47,-72.94,2003,5,9.44,2.2
Puerto Montt,CL,-41.47,-72.94,2003,6,8.55,6.6
Puerto Montt,CL,-41.47,-72.94,2003,7,6.66,3.8
Puerto Montt,CL,-41.47,-72.94,2003,8,7.69,5.72
Puerto Montt,CL,-41.47,-72.94,2003,9,8.69,4.88
Puerto Montt,CL,-41.47,-72.94,2003,10,10.07,3.02
Puerto Montt,CL,-41.47,-72.94,2003,11,11.95,4.1
Puerto Montt,CL,-41.47,-72.94,2003,12,11.72,4.6
Puerto Montt,CL,-41.47,-72.94,2003,13,10.62,3.68
Puerto Montt,CL,-41.47,-72.94,2004,1,15.3,2.17
Puerto Montt,CL,-41.47,-72.94,2004,2,16.17,1.37
Puerto Montt,CL,-41.47,-72.94,2004,3,14.42,3.34
Puerto Montt,CL,-41.47,-72.94,2004,4,11.07,7.82
Puerto Montt,CL,-41.47,-72.94,2004,5,9.02,1.51
Puerto Montt,CL,-41.47,-72.94,2004,6,8.4,10.26
Puerto Montt,CL,-41.47,-72.94,2004,7,7.02,5.37
Puerto Montt,CL,-41.47,-72.94,2004,8,7.86,3.37
Puerto Montt,CL,-41.47,-72.94,2004,9,8.37,3.62
Puerto Montt,CL,-41.47,-72.94,2004,10,10.32,6.1
Puerto Montt,CL,-41.47,-72.94,2004,11,12.11,2.73
Puerto Montt,CL,-41.47,-72.94,2004,12,13.64,3.36
Puerto Montt,CL,-41.47,-72.94,2004,13,11.13,4.25
Puerto Montt,CL,-41.47,-72.94,2005,1,13.53,2.97
Puerto Montt,CL,-41.47,-72.94,2005,2,16.81,0.64
Puerto Montt,CL,-41.47,-72.94,2005,3,13.06,5.83
Puerto Montt,CL,-41.47,-72.94,2005,4,10.24,3.86
Puerto Montt,CL,-41.47,-72.94,2005,5,7.94,12.7
Puerto Montt,CL,-41.47,-72.94,2005,6,6.97,7.29
Puerto Montt,CL,-41.47,-72.94,2005,7,7.22,5.77
Puerto Montt,CL,-41.47,-72.94,2005,8,6.76,6.15
Puerto Montt,CL,-41.47,-72.94,2005,9,8.74,2.29
Puerto Montt,CL,-41.47,-72.94,2005,10,9.91,1.67
Puerto Montt,CL,-41.47,-72.94,2005,11,11.8,6.0
Puerto Montt,CL,-41.47,-72.94,2005,12,13.37,1.6
Puerto Montt,CL,-41.47,-72.94,2005,13,10.49,4.76
Puerto Montt,CL,-41.47,-72.94,2006,1,14.06,4.89
Puerto Montt,CL,-41.47,-72.94,2006,2,15.44,2.13
Puerto Montt,CL,-41.47,-72.94,2006,3,12.44,3.81
Puerto Montt,CL,-41.47,-72.94,2006,4,11.1,4.21
Puerto Montt,CL,-41.47,-72.94,2006,5,9.38,3.62
Puerto Montt,CL,-41.47,-72.94,2006,6,8.89,8.01
Puerto Montt,CL,-41.47,-72.94,2006,7,7.27,9.36
Puerto Montt,CL,-41.47,-72.94,2006,8,7.54,3.76
Puerto Montt,CL,-41.47,-72.94,2006,9,8.69,4.09
Puerto Montt,CL,-41.47,-72.94,2006,10,9.43,5.37
Puerto Montt,CL,-41.47,-72.94,2006,11,11.24,2.1
Puerto Montt,CL,-41.47,-72.94,2006,12,12.86,6.11
Puerto Montt,CL,-41.47,-72.94,2006,13,10.66,4.81
Puerto Montt,CL,-41.47,-72.94,2007,1,14.64,0.75
Puerto Montt,CL,-41.47,-72.94,2007,2,13.88,1.82
Puerto Montt,CL,-41.47,-72.94,2007,3,13.41,2.04
Puerto Montt,CL,-41.47,-72.94,2007,4,10.47,4.27
Puerto Montt,CL,-41.47,-72.94,2007,5,7.97,2.43
Puerto Montt,CL,-41.47,-72.94,2007,6,6.11,4.04
Puerto Montt,CL,-41.47,-72.94,2007,7,5.78,4.99
Puerto Montt,CL,-41.47,-72.94,2007,8,5.31,4.07
Puerto Montt,CL,-41.47,-72.94,2007,9,8.86,4.12
Puerto Montt,CL,-41.47,-72.94,2007,10,9.81,4.39
Puerto Montt,CL,-41.47,-72.94,2007,11,10.76,1.83
Puerto Montt,CL,-41.47,-72.94,2007,12,13.34,1.93
Puerto Montt,CL,-41.47,-72.94,2007,13,10.01,3.06
Puerto Montt,CL,-41.47,-72.94,2008,1,15.78,1.58
Puerto Montt,CL,-41.47,-72.94,2008,2,16.41,1.62
Puerto Montt,CL,-41.47,-72.94,2008,3,14.07,1.73
Puerto Montt,CL,-41.47,-72.94,2008,4,10.89,3.42
Puerto Montt,CL,-41.47,-72.94,2008,5,9.3,8.44
Puerto Montt,CL,-41.47,-72.94,2008,6,7.55,4.4
Puerto Montt,CL,-41.47,-72.94,2008,7,7.72,8.14
Puerto Montt,CL,-41.47,-72.94,2008,8,7.01,6.93
Puerto Montt,CL,-41.47,-72.94,2008,9,9.14,1.42
Puerto Montt,CL,-41.47,-72.94,2008,10,10.03,1.48
Puerto Montt,CL,-41.47,-72.94,2008,11,12.58,3.51
Puerto Montt,CL,-41.47,-72.94,2008,12,15.72,0.9
Puerto Montt,CL,-41.47,-72.94,2008,13,11.34,3.65
Puerto Montt,CL,-41.47,-72.94,2009,1,14.94,0.86
Puerto Montt,CL,-41.47,-72.94,2009,2,15.01,2.9
Puerto Montt,CL,-41.47,-72.94,2009,3,13.63,2.13
Puerto Montt,CL,-41.47,-72.94,2009,4,12.79,3.64
Puerto Montt,CL,-41.47,-72.94,2009,5,9.3,6.66
Puerto Montt,CL,-41.47,-72.94,2009,6,7.36,3.94
Puerto Montt,CL,-41.47,-72.94,2009,7,6.52,1.39
Puerto Montt,CL,-41.47,-72.94,2009,8,8.3,6.42
Puerto Montt,CL,-41.47,-72.94,2009,9,7.79,1.46
Puerto Montt,CL,-41.47,-72.94,2009,10,9.02,3.51
Puerto Montt,CL,-41.47,-72.94,2009,11,9.3,4.25
Puerto Montt,CL,-41.47,-72.94,2009,12,12.45,3.51
Puerto Montt,CL,-41.47,-72.94,2009,13,10.51,3.39
Puerto Montt,CL,-41.47,-72.94,2010,1,13.76,2.43
Puerto Montt,CL,-41.47,-72.94,2010,2,13.12,2.67
Puerto Montt,CL,-41.47,-72.94,2010,3,13.63,2.91
Puerto Montt,CL,-41.47,-72.94,2010,4,10.46,1.91
Puerto Montt,CL,-41.47,-72.94,2010,5,8.03,3.01
Puerto Montt,CL,-41.47,-72.94,2010,6,8.02,5.71
Puerto Montt,CL,-41.47,-72.94,2010,7,5.77,3.37
Puerto Montt,CL,-41.47,-72.94,2010,8,6.37,4.52
Puerto Montt,CL,-41.47,-72.94,2010,9,8.06,1.39
Puerto Montt,CL,-41.47,-72.94,2010,10,9.75,2.34
Puerto Montt,CL,-41.47,-72.94,2010,11,11.01,2.41
Puerto Montt,CL,-41.47,-72.94,2010,12,12.38,2.09
Puerto Montt,CL,-41.47,-72.94,2010,13,10.01,2.9
Puerto Montt,CL,-41.47,-72.94,2011,1,14.64,2.96
Puerto Montt,CL,-41.47,-72.94,2011,2,15.62,1.04
Puerto Montt,CL,-41.47,-72.94,2011,3,12.93,5.57
Puerto Montt,CL,-41.47,-72.94,2011,4,10.57,3.67
Puerto Montt,CL,-41.47,-72.94,2011,5,8.76,3.28
Puerto Montt,CL,-41.47,-72.94,2011,6,7.69,5.36
Puerto Montt,CL,-41.47,-72.94,2011,7,6.43,6.95
Puerto Montt,CL,-41.47,-72.94,2011,8,6.55,5.52
Puerto Montt,CL,-41.47,-72.94,2011,9,8.65,5.15
Puerto Montt,CL,-41.47,-72.94,2011,10,9.5,1.65
Puerto Montt,CL,-41.47,-72.94,2011,11,11.75,3.26
Puerto Montt,CL,-41.47,-72.94,2011,12,14.4,0.79
Puerto Montt,CL,-41.47,-72.94,2011,13,10.59,3.78
Puerto Montt,CL,-41.47,-72.94,2012,1,15.79,1.8
Puerto Montt,CL,-41.47,-72.94,2012,2,13.9,4.38
Puerto Montt,CL,-41.47,-72.94,2012,3,13.71,1.04
Puerto Montt,CL,-41.47,-72.94,2012,4,10.54,2.15
Puerto Montt,CL,-41.47,-72.94,2012,5,9.46,5.9
Puerto Montt,CL,-41.47,-72.94,2012,6,6.56,7.61
Puerto Montt,CL,-41.47,-72.94,2012,7,5.68,4.69
Puerto Montt,CL,-41.47,-72.94,2012,8,7.71,4.5
Puerto Montt,CL,-41.47,-72.94,2012,9,8.91,2.47
Puerto Montt,CL,-41.47,-72.94,2012,10,9.99,1.35
Puerto Montt,CL,-41.47,-72.94,2012,11,12.32,0.67
Puerto Montt,CL,-41.47,-72.94,2012,12,12.56,6.25
Puerto Montt,CL,-41.47,-72.94,2012,13,10.59,3.57
Puerto Montt,CL,-41.47,-72.94,2013,1,16.58,0.85
Puerto Montt,CL,-41.47,-72.94,2013,2,15.13,3.42
Puerto Montt,CL,-41.47,-72.94,2013,3,13.45,2.78
Puerto Montt,CL,-41.47,-72.94,2013,4,11.97,3.16
Puerto Montt,CL,-41.47,-72.94,2013,5,9.86,6.09
Puerto Montt,CL,-41.47,-72.94,2013,6,7.54,6.01
Puerto Montt,CL,-41.47,-72.94,2013,7,6.67,4.52
Puerto Montt,CL,-41.47,-72.94,2013,8,6.79,5.94
Puerto Montt,CL,-41.47,-72.94,2013,9,7.87,3.88
Puerto Montt,CL,-41.47,-72.94,2013,10,10.02,1.9
Puerto Montt,CL,-41.47,-72.94,2013,11,11.44,2.01
Puerto Montt,CL,-41.47,-72.94,2013,12,13.92,1.15
Puerto Montt,CL,-41.47,-72.94,2013,13,10.92,3.47
Puerto Montt,CL,-41.47,-72.94,2014,1,14.18,2.55
Puerto Montt,CL,-41.47,-72.94,2014,2,14.56,1.68
Puerto Montt,CL,-41.47,-72.94,2014,3,12.03,2.83
Puerto Montt,CL,-41.47,-72.94,2014,4,10.89,3.97
Puerto Montt,CL,-41.47,-72.94,2014,5,9.45,4.4
Puerto Montt,CL,-41.47,-72.94,2014,6,7.04,6.33
Puerto Montt,CL,-41.47,-72.94,2014,7,7.12,5.61
Puerto Montt,CL,-41.47,-72.94,2014,8,8.46,3.66
Puerto Montt,CL,-41.47,-72.94,2014,9,8.65,4.24
Puerto Montt,CL,-41.47,-72.94,2014,10,10.31,3.08
Puerto Montt,CL,-41.47,-72.94,2014,11,11.22,1.46
Puerto Montt,CL,-41.47,-72.94,2014,12,12.99,1.04
Puerto Montt,CL,-41.47,-72.94,2014,13,10.55,3.41
Puerto Montt,CL,-41.47,-72.94,2015,1,14.94,0.18
Puerto Montt,CL,-41.47,-72.94,2015,2,14.45,0.86
Puerto Montt,CL,-41.47,-72.94,2015,3,14.14,1.05
Puerto Montt,CL,-41.47,-72.94,2015,4,12.02,2.81
Puerto Montt,CL,-41.47,-72.94,2015,5,10.34,6.54
Puerto Montt,CL,-41.47,-72.94,2015,6,7.78,6.15
Puerto Montt,CL,-41.47,-72.94,2015,7,6.93,7.76
Puerto Montt,CL,-41.47,-72.94,2015,8,7.69,7.88
Puerto Montt,CL,-41.47,-72.94,2015,9,7.73,2.27
Puerto Montt,CL,-41.47,-72.94,2015,10,9.6,1.52
Puerto Montt,CL,-41.47,-72.94,2015,11,11.86,2.23
Puerto Montt,CL,-41.47,-72.94,2015,12,13.47,1.57
Puerto Montt,CL,-41.47,-72.94,2015,13,10.9,3.42
Puerto Montt,CL,-41.47,-72.94,2016,1,15.82,0.52
Puerto Montt,CL,-41.47,-72.94,2016,2,14.84,1.19
Puerto Montt,CL,-41.47,-72.94,2016,3,14.02,0.79
Puerto Montt,CL,-41.47,-72.94,2016,4,10.6,2.18
Puerto Montt,CL,-41.47,-72.94,2016,5,11.02,1.34
Puerto Montt,CL,-41.47,-72.94,2016,6,7.51,0.94
Puerto Montt,CL,-41.47,-72.94,2016,7,7.05,3.79
Puerto Montt,CL,-41.47,-72.94,2016,8,8.32,5.81
Puerto Montt,CL,-41.47,-72.94,2016,9,9.31,1.03
Puerto Montt,CL,-41.47,-72.94,2016,10,10.74,1.86
Puerto Montt,CL,-41.47,-72.94,2016,11,12.68,2.13
Puerto Montt,CL,-41.47,-72.94,2016,12,14.17,2.33
Puerto Montt,CL,-41.47,-72.94,2016,13,11.34,2.0
Puerto Montt,CL,-41.47,-72.94,2017,1,15.45,1.38
Puerto Montt,CL,-41.47,-72.94,2017,2,16.59,3.57
Puerto Montt,CL,-41.47,-72.94,2017,3,13.69,1.8
Puerto Montt,CL,-41.47,-72.94,2017,4,12.67,3.03
Puerto Montt,CL,-41.47,-72.94,2017,5,9.39,5.5
Puerto Montt,CL,-41.47,-72.94,2017,6,6.86,7.95
Puerto Montt,CL,-41.47,-72.94,2017,7,6.99,3.39
Puerto Montt,CL,-41.47,-72.94,2017,8,6.9,8.08
Puerto Montt,CL,-41.47,-72.94,2017,9,7.65,2.65
Puerto Montt,CL,-41.47,-72.94,2017,10,9.09,7.67
Puerto Montt,CL,-41.47,-72.94,2017,11,11.6,1.35
Puerto Montt,CL,-41.47,-72.94,2017,12,13.52,1.84
Puerto Montt,CL,-41.47,-72.94,2017,13,10.83,4.02
Puerto Montt,CL,-41.47,-72.94,2018,1,14.45,1.24
Puerto Montt,CL,-41.47,-72.94,2018,2,15.41,0.87
Puerto Montt,CL,-41.47,-72.94,2018,3,12.52,4.32
Puerto Montt,CL,-41.47,-72.94,2018,4,10.75,4.08
Puerto Montt,CL,-41.47,-72.94,2018,5,9.43,3.5
Puerto Montt,CL,-41.47,-72.94,2018,6,6.39,5.23
Puerto Montt,CL,-41.47,-72.94,2018,7,5.74,2.61
Puerto Montt,CL,-41.47,-72.94,2018,8,7.38,5.09
Puerto Montt,CL,-41.47,-72.94,2018,9,8.58,4.72
Puerto Montt,CL,-41.47,-72.94,2018,10,9.72,3.61
Puerto Montt,CL,-41.47,-72.94,2018,11,11.68,3.6
Puerto Montt,CL,-41.47,-72.94,2018,12,13.67,1.78
Puerto Montt,CL,-41.47,-72.94,2018,13,10.45,3.4
Puerto Montt,CL,-41.47,-72.94,2019,1,12.79,0.81
Puerto Montt,CL,-41.47,-72.94,2019,2,15.16,0.46
Puerto Montt,CL,-41.47,-72.94,2019,3,13.39,1.27
Puerto Montt,CL,-41.47,-72.94,2019,4,11.1,2.24
Puerto Montt,CL,-41.47,-72.94,2019,5,9.3,4.78
Puerto Montt,CL,-41.47,-72.94,2019,6,7.42,6.01
Puerto Montt,CL,-41.47,-72.94,2019,7,7.56,5.86
Puerto Montt,CL,-41.47,-72.94,2019,8,7.19,2.76
Puerto Montt,CL,-41.47,-72.94,2019,9,8.12,1.48
Puerto Montt,CL,-41.47,-72.94,2019,10,9.66,1.56
Puerto Montt,CL,-41.47,-72.94,2019,11,11.85,2.38
Puerto Montt,CL,-41.47,-72.94,2019,12,13.52,1.32
Puerto Montt,CL,-41.47,-72.94,2019,13,10.56,2.59
Puerto Montt,CL,-41.47,-72.94,2020,1,14.77,1.85
Puerto Montt,CL,-41.47,-72.94,2020,2,14.82,1.27
Puerto Montt,CL,-41.47,-72.94,2020,3,14.62,1.43
Puerto Montt,CL,-41.47,-72.94,2020,4,11.93,7.25
Puerto Montt,CL,-41.47,-72.94,2020,5,10.01,5.33
Puerto Montt,CL,-41.47,-72.94,2020,6,7.39,7.02
Puerto Montt,CL,-41.47,-72.94,2020,7,6.07,6.02
Puerto Montt,CL,-41.47,-72.94,2020,8,6.89,1.77
Puerto Montt,CL,-41.47,-72.94,2020,9,8.31,1.06
Puerto Montt,CL,-41.47,-72.94,2020,10,9.4,0.82
Puerto Montt,CL,-41.47,-72.94,2020,11,12.12,0.46
Puerto Montt,CL,-41.47,-72.94,2020,12,13.26,0.82
Puerto Montt,CL,-41.47,-72.94,2020,13,10.79,2.92
Puerto Montt,CL,-41.47,-72.94,2021,1,14.78,0.28
Puerto Montt,CL,-41.47,-72.94,2021,2,16.02,0.24
Puerto Montt,CL,-41.47,-72.94,2021,3,14.43,0.57
Puerto Montt,CL,-41.47,-72.94,2021,4,12.56,0.84
Puerto Montt,CL,-41.47,-72.94,2021,5,9.93,1.57
Puerto Montt,CL,-41.47,-72.94,2021,6,7.03,2.48
Puerto Montt,CL,-41.47,-72.94,2021,7,7.34,1.2
Puerto Montt,CL,-41.47,-72.94,2021,8,7.6,2.57
Puerto Montt,CL,-41.47,-72.94,2021,9,9.25,0.67
Puerto Montt,CL,-41.47,-72.94,2021,10,10.6,0.21
Puerto Montt,CL,-41.47,-72.94,2021,11,12.87,0.93
Puerto Montt,CL,-41.47,-72.94,2021,12,15.74,0.46
Puerto Montt,CL,-41.47,-72.94,2021,13,11.49,1.01
Puerto Montt,CL,-41.47,-72.94,2022,1,16.35,0.94
Puerto Montt,CL,-41.47,-72.94,2022,2,16.46,0.98
Puerto Montt,CL,-41.47,-72.94,2022,3,13.01,1.7
Puerto Montt,CL,-41.47,-72.94,2022,4,10.39,2.69
Puerto Montt,CL,-41.47,-72.94,2022,5,8.39,1.3
Puerto Montt,CL,-41.47,-72.94,2022,6,5.99,2.29
Puerto Montt,CL,-41.47,-72.94,2022,7,5.64,3.5
Puerto Montt,CL,-41.47,-72.94,2022,8,6.45,1.52
Puerto Montt,CL,-41.47,-72.94,2022,9,7.92,1.35
Puerto Montt,CL,-41.47,-72.94,2022,10,10.12,0.72
Puerto Montt,CL,-41.47,-72.94,2022,11,14.52,0.38
Puerto Montt,CL,-41.47,-72.94,2022,12,15.29,0.38
Puerto Montt,CL,-41.47,-72.94,2022,13,10.84,1.48
Puerto Montt,CL,-41.47,-72.94,2023,1,16.34,0.19
Puerto Montt,CL,-41.47,-72.94,2023,2,16.09,0.2
Puerto Montt,CL,-41.47,-72.94,2023,3,13.43,0.99
Puerto Montt,CL,-41.47,-72.94,2023,4,11.97,1.46
Puerto Montt,CL,-41.47,-72.94,2023,5,9.41,1.55
Puerto Montt,CL,-41.47,-72.94,2023,6,7.74,2.99
Puerto Montt,CL,-41.47,-72.94,2023,7,7.35,5.12
Puerto Montt,CL,-41.47,-72.94,2023,8,7.07,2.59
Puerto Montt,CL,-41.47,-72.94,2023,9,7.65,2.42
Puerto Montt,CL,-41.47,-72.94,2023,10,9.32,0.93
Puerto Montt,CL,-41.47,-72.94,2023,11,10.63,1.24
Puerto Montt,CL,-41.47,-72.94,2023,12,14.18,0.13
Puerto Montt,CL,-41.47,-72.94,2023,13,10.9,1.66
Puerto Montt,CL,-41.47,-72.94,2024,1,16.94,0.06
Puerto Montt,CL,-41.47,-72.94,2024,2,16.61,0.16
Puerto Montt,CL,-41.47,-72.94,2024,3,13.49,1.06
Puerto Montt,CL,-41.47,-72.94,2024,4,11.1,2.82
Puerto Montt,CL,-41.47,-72.94,2024,5,6.68,2.29
Puerto Montt,CL,-41.47,-72.94,2024,6,7.84,5.02
Puerto Montt,CL,-41.47,-72.94,2024,7,5.34,0.91
Puerto Montt,CL,-41.47,-72.94,2024,8,6.98,1.02
Puerto Montt,CL,-41.47,-72.94,2024,9,7.17,4.37
Puerto Montt,CL,-41.47,-72.94,2024,10,10.3,0.43
Puerto Montt,CL,-41.47,-72.94,2024,11,11.58,2.98
Puerto Montt,CL,-41.47,-72.94,2024,12,13.84,0.7
Puerto Montt,CL,-41.47,-72.94,2024,13,10.64,1.81
